chunk_id,source_type,title,product_line,device_model,error_code,issue_type,content
FAQ-001,FAQ,GW-100 出现设备离线时应该怎么排查？,工业网关,GW-100,E102,设备离线,"GW-100 出现设备离线时应该怎么排查？
针对 GW-100 的设备离线，建议先检查供电、网络、SIM 卡余额、MQTT Broker 地址和最近心跳时间。若 10 分钟内无法恢复，保留设备日志并转交二线支持。
标准步骤：检查供电、网络、SIM 卡余额、MQTT Broker 地址和最近心跳时间"
FAQ-002,FAQ,GW-100 出现MQTT 连接超时时应该怎么排查？,工业网关,GW-100,E103,MQTT 连接超时,"GW-100 出现MQTT 连接超时时应该怎么排查？
针对 GW-100 的MQTT 连接超时，建议先核对 Broker 域名、端口、TLS 证书、设备三元组和防火墙策略。若 10 分钟内无法恢复，保留设备日志并转交二线支持。
标准步骤：核对 Broker 域名、端口、TLS 证书、设备三元组和防火墙策略"
FAQ-003,FAQ,GW-100 出现固件升级失败时应该怎么排查？,工业网关,GW-100,E104,固件升级失败,"GW-100 出现固件升级失败时应该怎么排查？
针对 GW-100 的固件升级失败，建议先确认固件包型号匹配、电量充足、升级窗口稳定且断点续传可用。若 10 分钟内无法恢复，保留设备日志并转交二线支持。
标准步骤：确认固件包型号匹配、电量充足、升级窗口稳定且断点续传可用"
FAQ-004,FAQ,GW-100 出现传感器采样异常时应该怎么排查？,工业网关,GW-100,E105,传感器采样异常,"GW-100 出现传感器采样异常时应该怎么排查？
针对 GW-100 的传感器采样异常，建议先检查采样周期、探头接线、量程配置、校准系数和环境干扰。若 10 分钟内无法恢复，保留设备日志并转交二线支持。
标准步骤：检查采样周期、探头接线、量程配置、校准系数和环境干扰"
FAQ-005,FAQ,GW-100 出现网关心跳丢失时应该怎么排查？,工业网关,GW-100,E106,网关心跳丢失,"GW-100 出现网关心跳丢失时应该怎么排查？
针对 GW-100 的网关心跳丢失，建议先查看心跳间隔、NTP 时间、弱网重连日志和平台接入状态。若 10 分钟内无法恢复，保留设备日志并转交二线支持。
标准步骤：查看心跳间隔、NTP 时间、弱网重连日志和平台接入状态"
FAQ-006,FAQ,GW-100 出现设备绑定失败时应该怎么排查？,工业网关,GW-100,E107,设备绑定失败,"GW-100 出现设备绑定失败时应该怎么排查？
针对 GW-100 的设备绑定失败，建议先确认 SN/IMEI 未被占用、租户信息正确、二维码未过期。若 10 分钟内无法恢复，保留设备日志并转交二线支持。
标准步骤：确认 SN/IMEI 未被占用、租户信息正确、二维码未过期"
FAQ-007,FAQ,GW-100 出现电压数据异常时应该怎么排查？,工业网关,GW-100,E108,电压数据异常,"GW-100 出现电压数据异常时应该怎么排查？
针对 GW-100 的电压数据异常，建议先核对互感器方向、倍率参数、接线相序和采样通道。若 10 分钟内无法恢复，保留设备日志并转交二线支持。
标准步骤：核对互感器方向、倍率参数、接线相序和采样通道"
FAQ-008,FAQ,GW-100 出现温度数据漂移时应该怎么排查？,工业网关,GW-100,E109,温度数据漂移,"GW-100 出现温度数据漂移时应该怎么排查？
针对 GW-100 的温度数据漂移，建议先检查安装位置、校准日期、补偿参数和传感器老化情况。若 10 分钟内无法恢复，保留设备日志并转交二线支持。
标准步骤：检查安装位置、校准日期、补偿参数和传感器老化情况"
FAQ-009,FAQ,GW-100 出现振动阈值误报时应该怎么排查？,工业网关,GW-100,E110,振动阈值误报,"GW-100 出现振动阈值误报时应该怎么排查？
针对 GW-100 的振动阈值误报，建议先检查安装底座、阈值模板、采样频率和设备工况变化。若 10 分钟内无法恢复，保留设备日志并转交二线支持。
标准步骤：检查安装底座、阈值模板、采样频率和设备工况变化"
FAQ-010,FAQ,GW-100 出现平台告警延迟时应该怎么排查？,工业网关,GW-100,E201,平台告警延迟,"GW-100 出现平台告警延迟时应该怎么排查？
针对 GW-100 的平台告警延迟，建议先检查上报频率、消息队列积压、规则引擎状态和网络延迟。若 10 分钟内无法恢复，保留设备日志并转交二线支持。
标准步骤：检查上报频率、消息队列积压、规则引擎状态和网络延迟"
FAQ-011,FAQ,GW-200 出现设备离线时应该怎么排查？,工业网关,GW-200,E202,设备离线,"GW-200 出现设备离线时应该怎么排查？
针对 GW-200 的设备离线，建议先检查供电、网络、SIM 卡余额、MQTT Broker 地址和最近心跳时间。若 10 分钟内无法恢复，保留设备日志并转交二线支持。
标准步骤：检查供电、网络、SIM 卡余额、MQTT Broker 地址和最近心跳时间"
FAQ-012,FAQ,GW-200 出现MQTT 连接超时时应该怎么排查？,工业网关,GW-200,E203,MQTT 连接超时,"GW-200 出现MQTT 连接超时时应该怎么排查？
针对 GW-200 的MQTT 连接超时，建议先核对 Broker 域名、端口、TLS 证书、设备三元组和防火墙策略。若 10 分钟内无法恢复，保留设备日志并转交二线支持。
标准步骤：核对 Broker 域名、端口、TLS 证书、设备三元组和防火墙策略"
FAQ-013,FAQ,GW-200 出现固件升级失败时应该怎么排查？,工业网关,GW-200,E204,固件升级失败,"GW-200 出现固件升级失败时应该怎么排查？
针对 GW-200 的固件升级失败，建议先确认固件包型号匹配、电量充足、升级窗口稳定且断点续传可用。若 10 分钟内无法恢复，保留设备日志并转交二线支持。
标准步骤：确认固件包型号匹配、电量充足、升级窗口稳定且断点续传可用"
FAQ-014,FAQ,GW-200 出现传感器采样异常时应该怎么排查？,工业网关,GW-200,E205,传感器采样异常,"GW-200 出现传感器采样异常时应该怎么排查？
针对 GW-200 的传感器采样异常，建议先检查采样周期、探头接线、量程配置、校准系数和环境干扰。若 10 分钟内无法恢复，保留设备日志并转交二线支持。
标准步骤：检查采样周期、探头接线、量程配置、校准系数和环境干扰"
FAQ-015,FAQ,GW-200 出现网关心跳丢失时应该怎么排查？,工业网关,GW-200,E206,网关心跳丢失,"GW-200 出现网关心跳丢失时应该怎么排查？
针对 GW-200 的网关心跳丢失，建议先查看心跳间隔、NTP 时间、弱网重连日志和平台接入状态。若 10 分钟内无法恢复，保留设备日志并转交二线支持。
标准步骤：查看心跳间隔、NTP 时间、弱网重连日志和平台接入状态"
FAQ-016,FAQ,GW-200 出现设备绑定失败时应该怎么排查？,工业网关,GW-200,E207,设备绑定失败,"GW-200 出现设备绑定失败时应该怎么排查？
针对 GW-200 的设备绑定失败，建议先确认 SN/IMEI 未被占用、租户信息正确、二维码未过期。若 10 分钟内无法恢复，保留设备日志并转交二线支持。
标准步骤：确认 SN/IMEI 未被占用、租户信息正确、二维码未过期"
FAQ-017,FAQ,GW-200 出现电压数据异常时应该怎么排查？,工业网关,GW-200,E208,电压数据异常,"GW-200 出现电压数据异常时应该怎么排查？
针对 GW-200 的电压数据异常，建议先核对互感器方向、倍率参数、接线相序和采样通道。若 10 分钟内无法恢复，保留设备日志并转交二线支持。
标准步骤：核对互感器方向、倍率参数、接线相序和采样通道"
FAQ-018,FAQ,GW-200 出现温度数据漂移时应该怎么排查？,工业网关,GW-200,E301,温度数据漂移,"GW-200 出现温度数据漂移时应该怎么排查？
针对 GW-200 的温度数据漂移，建议先检查安装位置、校准日期、补偿参数和传感器老化情况。若 10 分钟内无法恢复，保留设备日志并转交二线支持。
标准步骤：检查安装位置、校准日期、补偿参数和传感器老化情况"
FAQ-019,FAQ,GW-200 出现振动阈值误报时应该怎么排查？,工业网关,GW-200,E302,振动阈值误报,"GW-200 出现振动阈值误报时应该怎么排查？
针对 GW-200 的振动阈值误报，建议先检查安装底座、阈值模板、采样频率和设备工况变化。若 10 分钟内无法恢复，保留设备日志并转交二线支持。
标准步骤：检查安装底座、阈值模板、采样频率和设备工况变化"
FAQ-020,FAQ,GW-200 出现平台告警延迟时应该怎么排查？,工业网关,GW-200,E303,平台告警延迟,"GW-200 出现平台告警延迟时应该怎么排查？
针对 GW-200 的平台告警延迟，建议先检查上报频率、消息队列积压、规则引擎状态和网络延迟。若 10 分钟内无法恢复，保留设备日志并转交二线支持。
标准步骤：检查上报频率、消息队列积压、规则引擎状态和网络延迟"
FAQ-021,FAQ,GW-500 出现设备离线时应该怎么排查？,工业网关,GW-500,E304,设备离线,"GW-500 出现设备离线时应该怎么排查？
针对 GW-500 的设备离线，建议先检查供电、网络、SIM 卡余额、MQTT Broker 地址和最近心跳时间。若 10 分钟内无法恢复，保留设备日志并转交二线支持。
标准步骤：检查供电、网络、SIM 卡余额、MQTT Broker 地址和最近心跳时间"
FAQ-022,FAQ,GW-500 出现MQTT 连接超时时应该怎么排查？,工业网关,GW-500,E305,MQTT 连接超时,"GW-500 出现MQTT 连接超时时应该怎么排查？
针对 GW-500 的MQTT 连接超时，建议先核对 Broker 域名、端口、TLS 证书、设备三元组和防火墙策略。若 10 分钟内无法恢复，保留设备日志并转交二线支持。
标准步骤：核对 Broker 域名、端口、TLS 证书、设备三元组和防火墙策略"
FAQ-023,FAQ,GW-500 出现固件升级失败时应该怎么排查？,工业网关,GW-500,E306,固件升级失败,"GW-500 出现固件升级失败时应该怎么排查？
针对 GW-500 的固件升级失败，建议先确认固件包型号匹配、电量充足、升级窗口稳定且断点续传可用。若 10 分钟内无法恢复，保留设备日志并转交二线支持。
标准步骤：确认固件包型号匹配、电量充足、升级窗口稳定且断点续传可用"
FAQ-024,FAQ,GW-500 出现传感器采样异常时应该怎么排查？,工业网关,GW-500,E307,传感器采样异常,"GW-500 出现传感器采样异常时应该怎么排查？
针对 GW-500 的传感器采样异常，建议先检查采样周期、探头接线、量程配置、校准系数和环境干扰。若 10 分钟内无法恢复，保留设备日志并转交二线支持。
标准步骤：检查采样周期、探头接线、量程配置、校准系数和环境干扰"
FAQ-025,FAQ,GW-500 出现网关心跳丢失时应该怎么排查？,工业网关,GW-500,E308,网关心跳丢失,"GW-500 出现网关心跳丢失时应该怎么排查？
针对 GW-500 的网关心跳丢失，建议先查看心跳间隔、NTP 时间、弱网重连日志和平台接入状态。若 10 分钟内无法恢复，保留设备日志并转交二线支持。
标准步骤：查看心跳间隔、NTP 时间、弱网重连日志和平台接入状态"
FAQ-026,FAQ,GW-500 出现设备绑定失败时应该怎么排查？,工业网关,GW-500,E401,设备绑定失败,"GW-500 出现设备绑定失败时应该怎么排查？
针对 GW-500 的设备绑定失败，建议先确认 SN/IMEI 未被占用、租户信息正确、二维码未过期。若 10 分钟内无法恢复，保留设备日志并转交二线支持。
标准步骤：确认 SN/IMEI 未被占用、租户信息正确、二维码未过期"
FAQ-027,FAQ,GW-500 出现电压数据异常时应该怎么排查？,工业网关,GW-500,E402,电压数据异常,"GW-500 出现电压数据异常时应该怎么排查？
针对 GW-500 的电压数据异常，建议先核对互感器方向、倍率参数、接线相序和采样通道。若 10 分钟内无法恢复，保留设备日志并转交二线支持。
标准步骤：核对互感器方向、倍率参数、接线相序和采样通道"
FAQ-028,FAQ,GW-500 出现温度数据漂移时应该怎么排查？,工业网关,GW-500,E403,温度数据漂移,"GW-500 出现温度数据漂移时应该怎么排查？
针对 GW-500 的温度数据漂移，建议先检查安装位置、校准日期、补偿参数和传感器老化情况。若 10 分钟内无法恢复，保留设备日志并转交二线支持。
标准步骤：检查安装位置、校准日期、补偿参数和传感器老化情况"
FAQ-029,FAQ,GW-500 出现振动阈值误报时应该怎么排查？,工业网关,GW-500,E404,振动阈值误报,"GW-500 出现振动阈值误报时应该怎么排查？
针对 GW-500 的振动阈值误报，建议先检查安装底座、阈值模板、采样频率和设备工况变化。若 10 分钟内无法恢复，保留设备日志并转交二线支持。
标准步骤：检查安装底座、阈值模板、采样频率和设备工况变化"
FAQ-030,FAQ,GW-500 出现平台告警延迟时应该怎么排查？,工业网关,GW-500,E101,平台告警延迟,"GW-500 出现平台告警延迟时应该怎么排查？
针对 GW-500 的平台告警延迟，建议先检查上报频率、消息队列积压、规则引擎状态和网络延迟。若 10 分钟内无法恢复，保留设备日志并转交二线支持。
标准步骤：检查上报频率、消息队列积压、规则引擎状态和网络延迟"
FAQ-031,FAQ,TH-10 出现设备离线时应该怎么排查？,环境传感器,TH-10,E102,设备离线,"TH-10 出现设备离线时应该怎么排查？
针对 TH-10 的设备离线，建议先检查供电、网络、SIM 卡余额、MQTT Broker 地址和最近心跳时间。若 10 分钟内无法恢复，保留设备日志并转交二线支持。
标准步骤：检查供电、网络、SIM 卡余额、MQTT Broker 地址和最近心跳时间"
FAQ-032,FAQ,TH-10 出现MQTT 连接超时时应该怎么排查？,环境传感器,TH-10,E103,MQTT 连接超时,"TH-10 出现MQTT 连接超时时应该怎么排查？
针对 TH-10 的MQTT 连接超时，建议先核对 Broker 域名、端口、TLS 证书、设备三元组和防火墙策略。若 10 分钟内无法恢复，保留设备日志并转交二线支持。
标准步骤：核对 Broker 域名、端口、TLS 证书、设备三元组和防火墙策略"
FAQ-033,FAQ,TH-10 出现固件升级失败时应该怎么排查？,环境传感器,TH-10,E104,固件升级失败,"TH-10 出现固件升级失败时应该怎么排查？
针对 TH-10 的固件升级失败，建议先确认固件包型号匹配、电量充足、升级窗口稳定且断点续传可用。若 10 分钟内无法恢复，保留设备日志并转交二线支持。
标准步骤：确认固件包型号匹配、电量充足、升级窗口稳定且断点续传可用"
FAQ-034,FAQ,TH-10 出现传感器采样异常时应该怎么排查？,环境传感器,TH-10,E105,传感器采样异常,"TH-10 出现传感器采样异常时应该怎么排查？
针对 TH-10 的传感器采样异常，建议先检查采样周期、探头接线、量程配置、校准系数和环境干扰。若 10 分钟内无法恢复，保留设备日志并转交二线支持。
标准步骤：检查采样周期、探头接线、量程配置、校准系数和环境干扰"
FAQ-035,FAQ,TH-10 出现网关心跳丢失时应该怎么排查？,环境传感器,TH-10,E106,网关心跳丢失,"TH-10 出现网关心跳丢失时应该怎么排查？
针对 TH-10 的网关心跳丢失，建议先查看心跳间隔、NTP 时间、弱网重连日志和平台接入状态。若 10 分钟内无法恢复，保留设备日志并转交二线支持。
标准步骤：查看心跳间隔、NTP 时间、弱网重连日志和平台接入状态"
FAQ-036,FAQ,TH-10 出现设备绑定失败时应该怎么排查？,环境传感器,TH-10,E107,设备绑定失败,"TH-10 出现设备绑定失败时应该怎么排查？
针对 TH-10 的设备绑定失败，建议先确认 SN/IMEI 未被占用、租户信息正确、二维码未过期。若 10 分钟内无法恢复，保留设备日志并转交二线支持。
标准步骤：确认 SN/IMEI 未被占用、租户信息正确、二维码未过期"
FAQ-037,FAQ,TH-10 出现电压数据异常时应该怎么排查？,环境传感器,TH-10,E108,电压数据异常,"TH-10 出现电压数据异常时应该怎么排查？
针对 TH-10 的电压数据异常，建议先核对互感器方向、倍率参数、接线相序和采样通道。若 10 分钟内无法恢复，保留设备日志并转交二线支持。
标准步骤：核对互感器方向、倍率参数、接线相序和采样通道"
FAQ-038,FAQ,TH-10 出现温度数据漂移时应该怎么排查？,环境传感器,TH-10,E109,温度数据漂移,"TH-10 出现温度数据漂移时应该怎么排查？
针对 TH-10 的温度数据漂移，建议先检查安装位置、校准日期、补偿参数和传感器老化情况。若 10 分钟内无法恢复，保留设备日志并转交二线支持。
标准步骤：检查安装位置、校准日期、补偿参数和传感器老化情况"
FAQ-039,FAQ,TH-10 出现振动阈值误报时应该怎么排查？,环境传感器,TH-10,E110,振动阈值误报,"TH-10 出现振动阈值误报时应该怎么排查？
针对 TH-10 的振动阈值误报，建议先检查安装底座、阈值模板、采样频率和设备工况变化。若 10 分钟内无法恢复，保留设备日志并转交二线支持。
标准步骤：检查安装底座、阈值模板、采样频率和设备工况变化"
FAQ-040,FAQ,TH-10 出现平台告警延迟时应该怎么排查？,环境传感器,TH-10,E201,平台告警延迟,"TH-10 出现平台告警延迟时应该怎么排查？
针对 TH-10 的平台告警延迟，建议先检查上报频率、消息队列积压、规则引擎状态和网络延迟。若 10 分钟内无法恢复，保留设备日志并转交二线支持。
标准步骤：检查上报频率、消息队列积压、规则引擎状态和网络延迟"
FAQ-041,FAQ,TH-30 出现设备离线时应该怎么排查？,环境传感器,TH-30,E202,设备离线,"TH-30 出现设备离线时应该怎么排查？
针对 TH-30 的设备离线，建议先检查供电、网络、SIM 卡余额、MQTT Broker 地址和最近心跳时间。若 10 分钟内无法恢复，保留设备日志并转交二线支持。
标准步骤：检查供电、网络、SIM 卡余额、MQTT Broker 地址和最近心跳时间"
FAQ-042,FAQ,TH-30 出现MQTT 连接超时时应该怎么排查？,环境传感器,TH-30,E203,MQTT 连接超时,"TH-30 出现MQTT 连接超时时应该怎么排查？
针对 TH-30 的MQTT 连接超时，建议先核对 Broker 域名、端口、TLS 证书、设备三元组和防火墙策略。若 10 分钟内无法恢复，保留设备日志并转交二线支持。
标准步骤：核对 Broker 域名、端口、TLS 证书、设备三元组和防火墙策略"
FAQ-043,FAQ,TH-30 出现固件升级失败时应该怎么排查？,环境传感器,TH-30,E204,固件升级失败,"TH-30 出现固件升级失败时应该怎么排查？
针对 TH-30 的固件升级失败，建议先确认固件包型号匹配、电量充足、升级窗口稳定且断点续传可用。若 10 分钟内无法恢复，保留设备日志并转交二线支持。
标准步骤：确认固件包型号匹配、电量充足、升级窗口稳定且断点续传可用"
FAQ-044,FAQ,TH-30 出现传感器采样异常时应该怎么排查？,环境传感器,TH-30,E205,传感器采样异常,"TH-30 出现传感器采样异常时应该怎么排查？
针对 TH-30 的传感器采样异常，建议先检查采样周期、探头接线、量程配置、校准系数和环境干扰。若 10 分钟内无法恢复，保留设备日志并转交二线支持。
标准步骤：检查采样周期、探头接线、量程配置、校准系数和环境干扰"
FAQ-045,FAQ,TH-30 出现网关心跳丢失时应该怎么排查？,环境传感器,TH-30,E206,网关心跳丢失,"TH-30 出现网关心跳丢失时应该怎么排查？
针对 TH-30 的网关心跳丢失，建议先查看心跳间隔、NTP 时间、弱网重连日志和平台接入状态。若 10 分钟内无法恢复，保留设备日志并转交二线支持。
标准步骤：查看心跳间隔、NTP 时间、弱网重连日志和平台接入状态"
FAQ-046,FAQ,TH-30 出现设备绑定失败时应该怎么排查？,环境传感器,TH-30,E207,设备绑定失败,"TH-30 出现设备绑定失败时应该怎么排查？
针对 TH-30 的设备绑定失败，建议先确认 SN/IMEI 未被占用、租户信息正确、二维码未过期。若 10 分钟内无法恢复，保留设备日志并转交二线支持。
标准步骤：确认 SN/IMEI 未被占用、租户信息正确、二维码未过期"
FAQ-047,FAQ,TH-30 出现电压数据异常时应该怎么排查？,环境传感器,TH-30,E208,电压数据异常,"TH-30 出现电压数据异常时应该怎么排查？
针对 TH-30 的电压数据异常，建议先核对互感器方向、倍率参数、接线相序和采样通道。若 10 分钟内无法恢复，保留设备日志并转交二线支持。
标准步骤：核对互感器方向、倍率参数、接线相序和采样通道"
FAQ-048,FAQ,TH-30 出现温度数据漂移时应该怎么排查？,环境传感器,TH-30,E301,温度数据漂移,"TH-30 出现温度数据漂移时应该怎么排查？
针对 TH-30 的温度数据漂移，建议先检查安装位置、校准日期、补偿参数和传感器老化情况。若 10 分钟内无法恢复，保留设备日志并转交二线支持。
标准步骤：检查安装位置、校准日期、补偿参数和传感器老化情况"
FAQ-049,FAQ,TH-30 出现振动阈值误报时应该怎么排查？,环境传感器,TH-30,E302,振动阈值误报,"TH-30 出现振动阈值误报时应该怎么排查？
针对 TH-30 的振动阈值误报，建议先检查安装底座、阈值模板、采样频率和设备工况变化。若 10 分钟内无法恢复，保留设备日志并转交二线支持。
标准步骤：检查安装底座、阈值模板、采样频率和设备工况变化"
FAQ-050,FAQ,TH-30 出现平台告警延迟时应该怎么排查？,环境传感器,TH-30,E303,平台告警延迟,"TH-30 出现平台告警延迟时应该怎么排查？
针对 TH-30 的平台告警延迟，建议先检查上报频率、消息队列积压、规则引擎状态和网络延迟。若 10 分钟内无法恢复，保留设备日志并转交二线支持。
标准步骤：检查上报频率、消息队列积压、规则引擎状态和网络延迟"
FAQ-051,FAQ,AQ-20 出现设备离线时应该怎么排查？,环境传感器,AQ-20,E304,设备离线,"AQ-20 出现设备离线时应该怎么排查？
针对 AQ-20 的设备离线，建议先检查供电、网络、SIM 卡余额、MQTT Broker 地址和最近心跳时间。若 10 分钟内无法恢复，保留设备日志并转交二线支持。
标准步骤：检查供电、网络、SIM 卡余额、MQTT Broker 地址和最近心跳时间"
FAQ-052,FAQ,AQ-20 出现MQTT 连接超时时应该怎么排查？,环境传感器,AQ-20,E305,MQTT 连接超时,"AQ-20 出现MQTT 连接超时时应该怎么排查？
针对 AQ-20 的MQTT 连接超时，建议先核对 Broker 域名、端口、TLS 证书、设备三元组和防火墙策略。若 10 分钟内无法恢复，保留设备日志并转交二线支持。
标准步骤：核对 Broker 域名、端口、TLS 证书、设备三元组和防火墙策略"
FAQ-053,FAQ,AQ-20 出现固件升级失败时应该怎么排查？,环境传感器,AQ-20,E306,固件升级失败,"AQ-20 出现固件升级失败时应该怎么排查？
针对 AQ-20 的固件升级失败，建议先确认固件包型号匹配、电量充足、升级窗口稳定且断点续传可用。若 10 分钟内无法恢复，保留设备日志并转交二线支持。
标准步骤：确认固件包型号匹配、电量充足、升级窗口稳定且断点续传可用"
FAQ-054,FAQ,AQ-20 出现传感器采样异常时应该怎么排查？,环境传感器,AQ-20,E307,传感器采样异常,"AQ-20 出现传感器采样异常时应该怎么排查？
针对 AQ-20 的传感器采样异常，建议先检查采样周期、探头接线、量程配置、校准系数和环境干扰。若 10 分钟内无法恢复，保留设备日志并转交二线支持。
标准步骤：检查采样周期、探头接线、量程配置、校准系数和环境干扰"
FAQ-055,FAQ,AQ-20 出现网关心跳丢失时应该怎么排查？,环境传感器,AQ-20,E308,网关心跳丢失,"AQ-20 出现网关心跳丢失时应该怎么排查？
针对 AQ-20 的网关心跳丢失，建议先查看心跳间隔、NTP 时间、弱网重连日志和平台接入状态。若 10 分钟内无法恢复，保留设备日志并转交二线支持。
标准步骤：查看心跳间隔、NTP 时间、弱网重连日志和平台接入状态"
FAQ-056,FAQ,AQ-20 出现设备绑定失败时应该怎么排查？,环境传感器,AQ-20,E401,设备绑定失败,"AQ-20 出现设备绑定失败时应该怎么排查？
针对 AQ-20 的设备绑定失败，建议先确认 SN/IMEI 未被占用、租户信息正确、二维码未过期。若 10 分钟内无法恢复，保留设备日志并转交二线支持。
标准步骤：确认 SN/IMEI 未被占用、租户信息正确、二维码未过期"
FAQ-057,FAQ,AQ-20 出现电压数据异常时应该怎么排查？,环境传感器,AQ-20,E402,电压数据异常,"AQ-20 出现电压数据异常时应该怎么排查？
针对 AQ-20 的电压数据异常，建议先核对互感器方向、倍率参数、接线相序和采样通道。若 10 分钟内无法恢复，保留设备日志并转交二线支持。
标准步骤：核对互感器方向、倍率参数、接线相序和采样通道"
FAQ-058,FAQ,AQ-20 出现温度数据漂移时应该怎么排查？,环境传感器,AQ-20,E403,温度数据漂移,"AQ-20 出现温度数据漂移时应该怎么排查？
针对 AQ-20 的温度数据漂移，建议先检查安装位置、校准日期、补偿参数和传感器老化情况。若 10 分钟内无法恢复，保留设备日志并转交二线支持。
标准步骤：检查安装位置、校准日期、补偿参数和传感器老化情况"
FAQ-059,FAQ,AQ-20 出现振动阈值误报时应该怎么排查？,环境传感器,AQ-20,E404,振动阈值误报,"AQ-20 出现振动阈值误报时应该怎么排查？
针对 AQ-20 的振动阈值误报，建议先检查安装底座、阈值模板、采样频率和设备工况变化。若 10 分钟内无法恢复，保留设备日志并转交二线支持。
标准步骤：检查安装底座、阈值模板、采样频率和设备工况变化"
FAQ-060,FAQ,AQ-20 出现平台告警延迟时应该怎么排查？,环境传感器,AQ-20,E101,平台告警延迟,"AQ-20 出现平台告警延迟时应该怎么排查？
针对 AQ-20 的平台告警延迟，建议先检查上报频率、消息队列积压、规则引擎状态和网络延迟。若 10 分钟内无法恢复，保留设备日志并转交二线支持。
标准步骤：检查上报频率、消息队列积压、规则引擎状态和网络延迟"
FAQ-061,FAQ,VB-100 出现设备离线时应该怎么排查？,振动监测,VB-100,E102,设备离线,"VB-100 出现设备离线时应该怎么排查？
针对 VB-100 的设备离线，建议先检查供电、网络、SIM 卡余额、MQTT Broker 地址和最近心跳时间。若 10 分钟内无法恢复，保留设备日志并转交二线支持。
标准步骤：检查供电、网络、SIM 卡余额、MQTT Broker 地址和最近心跳时间"
FAQ-062,FAQ,VB-100 出现MQTT 连接超时时应该怎么排查？,振动监测,VB-100,E103,MQTT 连接超时,"VB-100 出现MQTT 连接超时时应该怎么排查？
针对 VB-100 的MQTT 连接超时，建议先核对 Broker 域名、端口、TLS 证书、设备三元组和防火墙策略。若 10 分钟内无法恢复，保留设备日志并转交二线支持。
标准步骤：核对 Broker 域名、端口、TLS 证书、设备三元组和防火墙策略"
FAQ-063,FAQ,VB-100 出现固件升级失败时应该怎么排查？,振动监测,VB-100,E104,固件升级失败,"VB-100 出现固件升级失败时应该怎么排查？
针对 VB-100 的固件升级失败，建议先确认固件包型号匹配、电量充足、升级窗口稳定且断点续传可用。若 10 分钟内无法恢复，保留设备日志并转交二线支持。
标准步骤：确认固件包型号匹配、电量充足、升级窗口稳定且断点续传可用"
FAQ-064,FAQ,VB-100 出现传感器采样异常时应该怎么排查？,振动监测,VB-100,E105,传感器采样异常,"VB-100 出现传感器采样异常时应该怎么排查？
针对 VB-100 的传感器采样异常，建议先检查采样周期、探头接线、量程配置、校准系数和环境干扰。若 10 分钟内无法恢复，保留设备日志并转交二线支持。
标准步骤：检查采样周期、探头接线、量程配置、校准系数和环境干扰"
FAQ-065,FAQ,VB-100 出现网关心跳丢失时应该怎么排查？,振动监测,VB-100,E106,网关心跳丢失,"VB-100 出现网关心跳丢失时应该怎么排查？
针对 VB-100 的网关心跳丢失，建议先查看心跳间隔、NTP 时间、弱网重连日志和平台接入状态。若 10 分钟内无法恢复，保留设备日志并转交二线支持。
标准步骤：查看心跳间隔、NTP 时间、弱网重连日志和平台接入状态"
FAQ-066,FAQ,VB-100 出现设备绑定失败时应该怎么排查？,振动监测,VB-100,E107,设备绑定失败,"VB-100 出现设备绑定失败时应该怎么排查？
针对 VB-100 的设备绑定失败，建议先确认 SN/IMEI 未被占用、租户信息正确、二维码未过期。若 10 分钟内无法恢复，保留设备日志并转交二线支持。
标准步骤：确认 SN/IMEI 未被占用、租户信息正确、二维码未过期"
FAQ-067,FAQ,VB-100 出现电压数据异常时应该怎么排查？,振动监测,VB-100,E108,电压数据异常,"VB-100 出现电压数据异常时应该怎么排查？
针对 VB-100 的电压数据异常，建议先核对互感器方向、倍率参数、接线相序和采样通道。若 10 分钟内无法恢复，保留设备日志并转交二线支持。
标准步骤：核对互感器方向、倍率参数、接线相序和采样通道"
FAQ-068,FAQ,VB-100 出现温度数据漂移时应该怎么排查？,振动监测,VB-100,E109,温度数据漂移,"VB-100 出现温度数据漂移时应该怎么排查？
针对 VB-100 的温度数据漂移，建议先检查安装位置、校准日期、补偿参数和传感器老化情况。若 10 分钟内无法恢复，保留设备日志并转交二线支持。
标准步骤：检查安装位置、校准日期、补偿参数和传感器老化情况"
FAQ-069,FAQ,VB-100 出现振动阈值误报时应该怎么排查？,振动监测,VB-100,E110,振动阈值误报,"VB-100 出现振动阈值误报时应该怎么排查？
针对 VB-100 的振动阈值误报，建议先检查安装底座、阈值模板、采样频率和设备工况变化。若 10 分钟内无法恢复，保留设备日志并转交二线支持。
标准步骤：检查安装底座、阈值模板、采样频率和设备工况变化"
FAQ-070,FAQ,VB-100 出现平台告警延迟时应该怎么排查？,振动监测,VB-100,E201,平台告警延迟,"VB-100 出现平台告警延迟时应该怎么排查？
针对 VB-100 的平台告警延迟，建议先检查上报频率、消息队列积压、规则引擎状态和网络延迟。若 10 分钟内无法恢复，保留设备日志并转交二线支持。
标准步骤：检查上报频率、消息队列积压、规则引擎状态和网络延迟"
FAQ-071,FAQ,VB-300 出现设备离线时应该怎么排查？,振动监测,VB-300,E202,设备离线,"VB-300 出现设备离线时应该怎么排查？
针对 VB-300 的设备离线，建议先检查供电、网络、SIM 卡余额、MQTT Broker 地址和最近心跳时间。若 10 分钟内无法恢复，保留设备日志并转交二线支持。
标准步骤：检查供电、网络、SIM 卡余额、MQTT Broker 地址和最近心跳时间"
FAQ-072,FAQ,VB-300 出现MQTT 连接超时时应该怎么排查？,振动监测,VB-300,E203,MQTT 连接超时,"VB-300 出现MQTT 连接超时时应该怎么排查？
针对 VB-300 的MQTT 连接超时，建议先核对 Broker 域名、端口、TLS 证书、设备三元组和防火墙策略。若 10 分钟内无法恢复，保留设备日志并转交二线支持。
标准步骤：核对 Broker 域名、端口、TLS 证书、设备三元组和防火墙策略"
FAQ-073,FAQ,VB-300 出现固件升级失败时应该怎么排查？,振动监测,VB-300,E204,固件升级失败,"VB-300 出现固件升级失败时应该怎么排查？
针对 VB-300 的固件升级失败，建议先确认固件包型号匹配、电量充足、升级窗口稳定且断点续传可用。若 10 分钟内无法恢复，保留设备日志并转交二线支持。
标准步骤：确认固件包型号匹配、电量充足、升级窗口稳定且断点续传可用"
FAQ-074,FAQ,VB-300 出现传感器采样异常时应该怎么排查？,振动监测,VB-300,E205,传感器采样异常,"VB-300 出现传感器采样异常时应该怎么排查？
针对 VB-300 的传感器采样异常，建议先检查采样周期、探头接线、量程配置、校准系数和环境干扰。若 10 分钟内无法恢复，保留设备日志并转交二线支持。
标准步骤：检查采样周期、探头接线、量程配置、校准系数和环境干扰"
FAQ-075,FAQ,VB-300 出现网关心跳丢失时应该怎么排查？,振动监测,VB-300,E206,网关心跳丢失,"VB-300 出现网关心跳丢失时应该怎么排查？
针对 VB-300 的网关心跳丢失，建议先查看心跳间隔、NTP 时间、弱网重连日志和平台接入状态。若 10 分钟内无法恢复，保留设备日志并转交二线支持。
标准步骤：查看心跳间隔、NTP 时间、弱网重连日志和平台接入状态"
FAQ-076,FAQ,VB-300 出现设备绑定失败时应该怎么排查？,振动监测,VB-300,E207,设备绑定失败,"VB-300 出现设备绑定失败时应该怎么排查？
针对 VB-300 的设备绑定失败，建议先确认 SN/IMEI 未被占用、租户信息正确、二维码未过期。若 10 分钟内无法恢复，保留设备日志并转交二线支持。
标准步骤：确认 SN/IMEI 未被占用、租户信息正确、二维码未过期"
FAQ-077,FAQ,VB-300 出现电压数据异常时应该怎么排查？,振动监测,VB-300,E208,电压数据异常,"VB-300 出现电压数据异常时应该怎么排查？
针对 VB-300 的电压数据异常，建议先核对互感器方向、倍率参数、接线相序和采样通道。若 10 分钟内无法恢复，保留设备日志并转交二线支持。
标准步骤：核对互感器方向、倍率参数、接线相序和采样通道"
FAQ-078,FAQ,VB-300 出现温度数据漂移时应该怎么排查？,振动监测,VB-300,E301,温度数据漂移,"VB-300 出现温度数据漂移时应该怎么排查？
针对 VB-300 的温度数据漂移，建议先检查安装位置、校准日期、补偿参数和传感器老化情况。若 10 分钟内无法恢复，保留设备日志并转交二线支持。
标准步骤：检查安装位置、校准日期、补偿参数和传感器老化情况"
FAQ-079,FAQ,VB-300 出现振动阈值误报时应该怎么排查？,振动监测,VB-300,E302,振动阈值误报,"VB-300 出现振动阈值误报时应该怎么排查？
针对 VB-300 的振动阈值误报，建议先检查安装底座、阈值模板、采样频率和设备工况变化。若 10 分钟内无法恢复，保留设备日志并转交二线支持。
标准步骤：检查安装底座、阈值模板、采样频率和设备工况变化"
FAQ-080,FAQ,VB-300 出现平台告警延迟时应该怎么排查？,振动监测,VB-300,E303,平台告警延迟,"VB-300 出现平台告警延迟时应该怎么排查？
针对 VB-300 的平台告警延迟，建议先检查上报频率、消息队列积压、规则引擎状态和网络延迟。若 10 分钟内无法恢复，保留设备日志并转交二线支持。
标准步骤：检查上报频率、消息队列积压、规则引擎状态和网络延迟"
FAQ-081,FAQ,PM-80 出现设备离线时应该怎么排查？,电力采集,PM-80,E304,设备离线,"PM-80 出现设备离线时应该怎么排查？
针对 PM-80 的设备离线，建议先检查供电、网络、SIM 卡余额、MQTT Broker 地址和最近心跳时间。若 10 分钟内无法恢复，保留设备日志并转交二线支持。
标准步骤：检查供电、网络、SIM 卡余额、MQTT Broker 地址和最近心跳时间"
FAQ-082,FAQ,PM-80 出现MQTT 连接超时时应该怎么排查？,电力采集,PM-80,E305,MQTT 连接超时,"PM-80 出现MQTT 连接超时时应该怎么排查？
针对 PM-80 的MQTT 连接超时，建议先核对 Broker 域名、端口、TLS 证书、设备三元组和防火墙策略。若 10 分钟内无法恢复，保留设备日志并转交二线支持。
标准步骤：核对 Broker 域名、端口、TLS 证书、设备三元组和防火墙策略"
FAQ-083,FAQ,PM-80 出现固件升级失败时应该怎么排查？,电力采集,PM-80,E306,固件升级失败,"PM-80 出现固件升级失败时应该怎么排查？
针对 PM-80 的固件升级失败，建议先确认固件包型号匹配、电量充足、升级窗口稳定且断点续传可用。若 10 分钟内无法恢复，保留设备日志并转交二线支持。
标准步骤：确认固件包型号匹配、电量充足、升级窗口稳定且断点续传可用"
FAQ-084,FAQ,PM-80 出现传感器采样异常时应该怎么排查？,电力采集,PM-80,E307,传感器采样异常,"PM-80 出现传感器采样异常时应该怎么排查？
针对 PM-80 的传感器采样异常，建议先检查采样周期、探头接线、量程配置、校准系数和环境干扰。若 10 分钟内无法恢复，保留设备日志并转交二线支持。
标准步骤：检查采样周期、探头接线、量程配置、校准系数和环境干扰"
FAQ-085,FAQ,PM-80 出现网关心跳丢失时应该怎么排查？,电力采集,PM-80,E308,网关心跳丢失,"PM-80 出现网关心跳丢失时应该怎么排查？
针对 PM-80 的网关心跳丢失，建议先查看心跳间隔、NTP 时间、弱网重连日志和平台接入状态。若 10 分钟内无法恢复，保留设备日志并转交二线支持。
标准步骤：查看心跳间隔、NTP 时间、弱网重连日志和平台接入状态"
FAQ-086,FAQ,PM-80 出现设备绑定失败时应该怎么排查？,电力采集,PM-80,E401,设备绑定失败,"PM-80 出现设备绑定失败时应该怎么排查？
针对 PM-80 的设备绑定失败，建议先确认 SN/IMEI 未被占用、租户信息正确、二维码未过期。若 10 分钟内无法恢复，保留设备日志并转交二线支持。
标准步骤：确认 SN/IMEI 未被占用、租户信息正确、二维码未过期"
FAQ-087,FAQ,PM-80 出现电压数据异常时应该怎么排查？,电力采集,PM-80,E402,电压数据异常,"PM-80 出现电压数据异常时应该怎么排查？
针对 PM-80 的电压数据异常，建议先核对互感器方向、倍率参数、接线相序和采样通道。若 10 分钟内无法恢复，保留设备日志并转交二线支持。
标准步骤：核对互感器方向、倍率参数、接线相序和采样通道"
FAQ-088,FAQ,PM-80 出现温度数据漂移时应该怎么排查？,电力采集,PM-80,E403,温度数据漂移,"PM-80 出现温度数据漂移时应该怎么排查？
针对 PM-80 的温度数据漂移，建议先检查安装位置、校准日期、补偿参数和传感器老化情况。若 10 分钟内无法恢复，保留设备日志并转交二线支持。
标准步骤：检查安装位置、校准日期、补偿参数和传感器老化情况"
FAQ-089,FAQ,PM-80 出现振动阈值误报时应该怎么排查？,电力采集,PM-80,E404,振动阈值误报,"PM-80 出现振动阈值误报时应该怎么排查？
针对 PM-80 的振动阈值误报，建议先检查安装底座、阈值模板、采样频率和设备工况变化。若 10 分钟内无法恢复，保留设备日志并转交二线支持。
标准步骤：检查安装底座、阈值模板、采样频率和设备工况变化"
FAQ-090,FAQ,PM-80 出现平台告警延迟时应该怎么排查？,电力采集,PM-80,E101,平台告警延迟,"PM-80 出现平台告警延迟时应该怎么排查？
针对 PM-80 的平台告警延迟，建议先检查上报频率、消息队列积压、规则引擎状态和网络延迟。若 10 分钟内无法恢复，保留设备日志并转交二线支持。
标准步骤：检查上报频率、消息队列积压、规则引擎状态和网络延迟"
FAQ-091,FAQ,PM-200 出现设备离线时应该怎么排查？,电力采集,PM-200,E102,设备离线,"PM-200 出现设备离线时应该怎么排查？
针对 PM-200 的设备离线，建议先检查供电、网络、SIM 卡余额、MQTT Broker 地址和最近心跳时间。若 10 分钟内无法恢复，保留设备日志并转交二线支持。
标准步骤：检查供电、网络、SIM 卡余额、MQTT Broker 地址和最近心跳时间"
FAQ-092,FAQ,PM-200 出现MQTT 连接超时时应该怎么排查？,电力采集,PM-200,E103,MQTT 连接超时,"PM-200 出现MQTT 连接超时时应该怎么排查？
针对 PM-200 的MQTT 连接超时，建议先核对 Broker 域名、端口、TLS 证书、设备三元组和防火墙策略。若 10 分钟内无法恢复，保留设备日志并转交二线支持。
标准步骤：核对 Broker 域名、端口、TLS 证书、设备三元组和防火墙策略"
FAQ-093,FAQ,PM-200 出现固件升级失败时应该怎么排查？,电力采集,PM-200,E104,固件升级失败,"PM-200 出现固件升级失败时应该怎么排查？
针对 PM-200 的固件升级失败，建议先确认固件包型号匹配、电量充足、升级窗口稳定且断点续传可用。若 10 分钟内无法恢复，保留设备日志并转交二线支持。
标准步骤：确认固件包型号匹配、电量充足、升级窗口稳定且断点续传可用"
FAQ-094,FAQ,PM-200 出现传感器采样异常时应该怎么排查？,电力采集,PM-200,E105,传感器采样异常,"PM-200 出现传感器采样异常时应该怎么排查？
针对 PM-200 的传感器采样异常，建议先检查采样周期、探头接线、量程配置、校准系数和环境干扰。若 10 分钟内无法恢复，保留设备日志并转交二线支持。
标准步骤：检查采样周期、探头接线、量程配置、校准系数和环境干扰"
FAQ-095,FAQ,PM-200 出现网关心跳丢失时应该怎么排查？,电力采集,PM-200,E106,网关心跳丢失,"PM-200 出现网关心跳丢失时应该怎么排查？
针对 PM-200 的网关心跳丢失，建议先查看心跳间隔、NTP 时间、弱网重连日志和平台接入状态。若 10 分钟内无法恢复，保留设备日志并转交二线支持。
标准步骤：查看心跳间隔、NTP 时间、弱网重连日志和平台接入状态"
FAQ-096,FAQ,PM-200 出现设备绑定失败时应该怎么排查？,电力采集,PM-200,E107,设备绑定失败,"PM-200 出现设备绑定失败时应该怎么排查？
针对 PM-200 的设备绑定失败，建议先确认 SN/IMEI 未被占用、租户信息正确、二维码未过期。若 10 分钟内无法恢复，保留设备日志并转交二线支持。
标准步骤：确认 SN/IMEI 未被占用、租户信息正确、二维码未过期"
FAQ-097,FAQ,PM-200 出现电压数据异常时应该怎么排查？,电力采集,PM-200,E108,电压数据异常,"PM-200 出现电压数据异常时应该怎么排查？
针对 PM-200 的电压数据异常，建议先核对互感器方向、倍率参数、接线相序和采样通道。若 10 分钟内无法恢复，保留设备日志并转交二线支持。
标准步骤：核对互感器方向、倍率参数、接线相序和采样通道"
FAQ-098,FAQ,PM-200 出现温度数据漂移时应该怎么排查？,电力采集,PM-200,E109,温度数据漂移,"PM-200 出现温度数据漂移时应该怎么排查？
针对 PM-200 的温度数据漂移，建议先检查安装位置、校准日期、补偿参数和传感器老化情况。若 10 分钟内无法恢复，保留设备日志并转交二线支持。
标准步骤：检查安装位置、校准日期、补偿参数和传感器老化情况"
FAQ-099,FAQ,PM-200 出现振动阈值误报时应该怎么排查？,电力采集,PM-200,E110,振动阈值误报,"PM-200 出现振动阈值误报时应该怎么排查？
针对 PM-200 的振动阈值误报，建议先检查安装底座、阈值模板、采样频率和设备工况变化。若 10 分钟内无法恢复，保留设备日志并转交二线支持。
标准步骤：检查安装底座、阈值模板、采样频率和设备工况变化"
FAQ-100,FAQ,PM-200 出现平台告警延迟时应该怎么排查？,电力采集,PM-200,E201,平台告警延迟,"PM-200 出现平台告警延迟时应该怎么排查？
针对 PM-200 的平台告警延迟，建议先检查上报频率、消息队列积压、规则引擎状态和网络延迟。若 10 分钟内无法恢复，保留设备日志并转交二线支持。
标准步骤：检查上报频率、消息队列积压、规则引擎状态和网络延迟"
ERR-001,错误码说明,E101 设备认证失败,工业网关,GW-200,E101,设备认证失败,错误码 E101：设备认证失败。可能原因：设备三元组错误或密钥被重置。处理步骤：定位 E101 时，先确认现场现象，再检查配置、网络与设备日志；若风险等级为高，需要生成工单并附上最近 30 分钟日志。
ERR-002,错误码说明,E102 MQTT Broker 不可达,工业网关,GW-500,E102,MQTT Broker 不可达,错误码 E102：MQTT Broker 不可达。可能原因：Broker 地址、端口或 DNS 解析异常。处理步骤：定位 E102 时，先确认现场现象，再检查配置、网络与设备日志；若风险等级为高，需要生成工单并附上最近 30 分钟日志。
ERR-003,错误码说明,E103 TLS 握手失败,环境传感器,TH-10,E103,TLS 握手失败,错误码 E103：TLS 握手失败。可能原因：证书过期、系统时间错误或协议版本不匹配。处理步骤：定位 E103 时，先确认现场现象，再检查配置、网络与设备日志；若风险等级为高，需要生成工单并附上最近 30 分钟日志。
ERR-004,错误码说明,E104 心跳超时,环境传感器,TH-30,E104,心跳超时,错误码 E104：心跳超时。可能原因：弱网、SIM 卡欠费、网关掉电或防火墙拦截。处理步骤：定位 E104 时，先确认现场现象，再检查配置、网络与设备日志；若风险等级为高，需要生成工单并附上最近 30 分钟日志。
ERR-005,错误码说明,E105 设备重复绑定,环境传感器,AQ-20,E105,设备重复绑定,错误码 E105：设备重复绑定。可能原因：SN/IMEI 已绑定到其他租户或历史项目。处理步骤：定位 E105 时，先确认现场现象，再检查配置、网络与设备日志；若风险等级为高，需要生成工单并附上最近 30 分钟日志。
ERR-006,错误码说明,E106 NTP 同步失败,振动监测,VB-100,E106,NTP 同步失败,错误码 E106：NTP 同步失败。可能原因：NTP 服务器不可达或本地网络限制 UDP 123。处理步骤：定位 E106 时，先确认现场现象，再检查配置、网络与设备日志；若风险等级为高，需要生成工单并附上最近 30 分钟日志。
ERR-007,错误码说明,E107 配置下发失败,振动监测,VB-300,E107,配置下发失败,错误码 E107：配置下发失败。可能原因：设备离线、配置版本冲突或参数校验未通过。处理步骤：定位 E107 时，先确认现场现象，再检查配置、网络与设备日志；若风险等级为高，需要生成工单并附上最近 30 分钟日志。
ERR-008,错误码说明,E108 网关存储空间不足,电力采集,PM-80,E108,网关存储空间不足,错误码 E108：网关存储空间不足。可能原因：日志文件过大或缓存消息未及时清理。处理步骤：定位 E108 时，先确认现场现象，再检查配置、网络与设备日志；若风险等级为高，需要生成工单并附上最近 30 分钟日志。
ERR-009,错误码说明,E109 蜂窝网络注册失败,电力采集,PM-200,E109,蜂窝网络注册失败,错误码 E109：蜂窝网络注册失败。可能原因：SIM 卡停机、APN 错误或基站信号弱。处理步骤：定位 E109 时，先确认现场现象，再检查配置、网络与设备日志；若风险等级为高，需要生成工单并附上最近 30 分钟日志。
ERR-010,错误码说明,E110 以太网链路断开,工业网关,GW-100,E110,以太网链路断开,错误码 E110：以太网链路断开。可能原因：网线、交换机端口或静态 IP 配置异常。处理步骤：定位 E110 时，先确认现场现象，再检查配置、网络与设备日志；若风险等级为高，需要生成工单并附上最近 30 分钟日志。
ERR-011,错误码说明,E201 固件包校验失败,工业网关,GW-200,E201,固件包校验失败,错误码 E201：固件包校验失败。可能原因：固件包损坏、签名错误或型号不匹配。处理步骤：定位 E201 时，先确认现场现象，再检查配置、网络与设备日志；若风险等级为高，需要生成工单并附上最近 30 分钟日志。
ERR-012,错误码说明,E202 升级电量不足,工业网关,GW-500,E202,升级电量不足,错误码 E202：升级电量不足。可能原因：电池设备低于升级安全阈值。处理步骤：定位 E202 时，先确认现场现象，再检查配置、网络与设备日志；若风险等级为高，需要生成工单并附上最近 30 分钟日志。
ERR-013,错误码说明,E203 升级过程断连,环境传感器,TH-10,E203,升级过程断连,错误码 E203：升级过程断连。可能原因：网络不稳定或设备重启导致下载中断。处理步骤：定位 E203 时，先确认现场现象，再检查配置、网络与设备日志；若风险等级为高，需要生成工单并附上最近 30 分钟日志。
ERR-014,错误码说明,E204 版本回退受限,环境传感器,TH-30,E204,版本回退受限,错误码 E204：版本回退受限。可能原因：目标版本低于最小兼容版本。处理步骤：定位 E204 时，先确认现场现象，再检查配置、网络与设备日志；若风险等级为高，需要生成工单并附上最近 30 分钟日志。
ERR-015,错误码说明,E205 升级后配置迁移失败,环境传感器,AQ-20,E205,升级后配置迁移失败,错误码 E205：升级后配置迁移失败。可能原因：旧版本配置字段缺失或格式不兼容。处理步骤：定位 E205 时，先确认现场现象，再检查配置、网络与设备日志；若风险等级为高，需要生成工单并附上最近 30 分钟日志。
ERR-016,错误码说明,E206 Bootloader 启动失败,振动监测,VB-100,E206,Bootloader 启动失败,错误码 E206：Bootloader 启动失败。可能原因：升级包损坏或存储分区异常。处理步骤：定位 E206 时，先确认现场现象，再检查配置、网络与设备日志；若风险等级为高，需要生成工单并附上最近 30 分钟日志。
ERR-017,错误码说明,E207 灰度策略未命中,振动监测,VB-300,E207,灰度策略未命中,错误码 E207：灰度策略未命中。可能原因：设备不在灰度批次或标签条件不匹配。处理步骤：定位 E207 时，先确认现场现象，再检查配置、网络与设备日志；若风险等级为高，需要生成工单并附上最近 30 分钟日志。
ERR-018,错误码说明,E208 固件下载超时,电力采集,PM-80,E208,固件下载超时,错误码 E208：固件下载超时。可能原因：下载源慢、网络丢包或代理配置错误。处理步骤：定位 E208 时，先确认现场现象，再检查配置、网络与设备日志；若风险等级为高，需要生成工单并附上最近 30 分钟日志。
ERR-019,错误码说明,E301 温度探头断路,电力采集,PM-200,E301,温度探头断路,错误码 E301：温度探头断路。可能原因：探头接线松动或传感器损坏。处理步骤：定位 E301 时，先确认现场现象，再检查配置、网络与设备日志；若风险等级为高，需要生成工单并附上最近 30 分钟日志。
ERR-020,错误码说明,E302 湿度读数越界,工业网关,GW-100,E302,湿度读数越界,错误码 E302：湿度读数越界。可能原因：探头进水、校准系数错误或量程设置异常。处理步骤：定位 E302 时，先确认现场现象，再检查配置、网络与设备日志；若风险等级为高，需要生成工单并附上最近 30 分钟日志。
ERR-021,错误码说明,E303 振动采样溢出,工业网关,GW-200,E303,振动采样溢出,错误码 E303：振动采样溢出。可能原因：冲击过大、量程过低或采样芯片异常。处理步骤：定位 E303 时，先确认现场现象，再检查配置、网络与设备日志；若风险等级为高，需要生成工单并附上最近 30 分钟日志。
ERR-022,错误码说明,E304 电压相序错误,工业网关,GW-500,E304,电压相序错误,错误码 E304：电压相序错误。可能原因：三相接线顺序错误或互感器方向反接。处理步骤：定位 E304 时，先确认现场现象，再检查配置、网络与设备日志；若风险等级为高，需要生成工单并附上最近 30 分钟日志。
ERR-023,错误码说明,E305 采样周期非法,环境传感器,TH-10,E305,采样周期非法,错误码 E305：采样周期非法。可能原因：平台下发周期低于设备支持下限。处理步骤：定位 E305 时，先确认现场现象，再检查配置、网络与设备日志；若风险等级为高，需要生成工单并附上最近 30 分钟日志。
ERR-024,错误码说明,E306 校准参数缺失,环境传感器,TH-30,E306,校准参数缺失,错误码 E306：校准参数缺失。可能原因：设备恢复出厂后未重新写入校准表。处理步骤：定位 E306 时，先确认现场现象，再检查配置、网络与设备日志；若风险等级为高，需要生成工单并附上最近 30 分钟日志。
ERR-025,错误码说明,E307 传感器总线冲突,环境传感器,AQ-20,E307,传感器总线冲突,错误码 E307：传感器总线冲突。可能原因：RS485 地址重复或终端电阻配置错误。处理步骤：定位 E307 时，先确认现场现象，再检查配置、网络与设备日志；若风险等级为高，需要生成工单并附上最近 30 分钟日志。
ERR-026,错误码说明,E308 电流通道无数据,振动监测,VB-100,E308,电流通道无数据,错误码 E308：电流通道无数据。可能原因：互感器未接入、通道关闭或倍率为 0。处理步骤：定位 E308 时，先确认现场现象，再检查配置、网络与设备日志；若风险等级为高，需要生成工单并附上最近 30 分钟日志。
ERR-027,错误码说明,E401 告警规则执行失败,振动监测,VB-300,E401,告警规则执行失败,错误码 E401：告警规则执行失败。可能原因：规则表达式错误或字段名不存在。处理步骤：定位 E401 时，先确认现场现象，再检查配置、网络与设备日志；若风险等级为高，需要生成工单并附上最近 30 分钟日志。
ERR-028,错误码说明,E402 消息队列积压,电力采集,PM-80,E402,消息队列积压,错误码 E402：消息队列积压。可能原因：上报峰值过高或消费服务异常。处理步骤：定位 E402 时，先确认现场现象，再检查配置、网络与设备日志；若风险等级为高，需要生成工单并附上最近 30 分钟日志。
ERR-029,错误码说明,E403 数据写入超时,电力采集,PM-200,E403,数据写入超时,错误码 E403：数据写入超时。可能原因：时序库压力过大或索引写入阻塞。处理步骤：定位 E403 时，先确认现场现象，再检查配置、网络与设备日志；若风险等级为高，需要生成工单并附上最近 30 分钟日志。
ERR-030,错误码说明,E404 设备影子版本冲突,工业网关,GW-100,E404,设备影子版本冲突,错误码 E404：设备影子版本冲突。可能原因：多端同时修改配置导致版本号不一致。处理步骤：定位 E404 时，先确认现场现象，再检查配置、网络与设备日志；若风险等级为高，需要生成工单并附上最近 30 分钟日志。
TCK-2026-0001,历史工单,GW-200 MQTT 连接超时 历史工单,工业网关,GW-200,E104,MQTT 连接超时,"客户反馈 GW-200 MQTT 连接超时，平台记录错误码 E104，现场已尝试重启但未完全恢复。
解决方案：工程师按标准流程核对 Broker 域名、端口、TLS 证书、设备三元组和防火墙策略，并核对日志中的 E104 记录。处理后观察两个心跳周期，数据恢复正常。
建议动作：直接指导客户排查"
TCK-2026-0002,历史工单,GW-500 固件升级失败 历史工单,工业网关,GW-500,E107,固件升级失败,"客户反馈 GW-500 固件升级失败，平台记录错误码 E107，现场已尝试重启但未完全恢复。
解决方案：工程师按标准流程确认固件包型号匹配、电量充足、升级窗口稳定且断点续传可用，并核对日志中的 E107 记录。处理后观察两个心跳周期，数据恢复正常。
建议动作：直接指导客户排查"
TCK-2026-0003,历史工单,TH-10 传感器采样异常 历史工单,环境传感器,TH-10,E110,传感器采样异常,"客户反馈 TH-10 传感器采样异常，平台记录错误码 E110，现场已尝试重启但未完全恢复。
解决方案：工程师按标准流程检查采样周期、探头接线、量程配置、校准系数和环境干扰，并核对日志中的 E110 记录。处理后观察两个心跳周期，数据恢复正常。
建议动作：直接指导客户排查"
TCK-2026-0004,历史工单,TH-30 网关心跳丢失 历史工单,环境传感器,TH-30,E203,网关心跳丢失,"客户反馈 TH-30 网关心跳丢失，平台记录错误码 E203，现场已尝试重启但未完全恢复。
解决方案：工程师按标准流程查看心跳间隔、NTP 时间、弱网重连日志和平台接入状态，并核对日志中的 E203 记录。处理后观察两个心跳周期，数据恢复正常。
建议动作：直接指导客户排查"
TCK-2026-0005,历史工单,AQ-20 设备绑定失败 历史工单,环境传感器,AQ-20,E206,设备绑定失败,"客户反馈 AQ-20 设备绑定失败，平台记录错误码 E206，现场已尝试重启但未完全恢复。
解决方案：工程师按标准流程确认 SN/IMEI 未被占用、租户信息正确、二维码未过期，并核对日志中的 E206 记录。处理后观察两个心跳周期，数据恢复正常。
建议动作：建议转人工并收集日志"
TCK-2026-0006,历史工单,VB-100 电压数据异常 历史工单,振动监测,VB-100,E301,电压数据异常,"客户反馈 VB-100 电压数据异常，平台记录错误码 E301，现场已尝试重启但未完全恢复。
解决方案：工程师按标准流程核对互感器方向、倍率参数、接线相序和采样通道，并核对日志中的 E301 记录。处理后观察两个心跳周期，数据恢复正常。
建议动作：直接指导客户排查"
TCK-2026-0007,历史工单,VB-300 温度数据漂移 历史工单,振动监测,VB-300,E304,温度数据漂移,"客户反馈 VB-300 温度数据漂移，平台记录错误码 E304，现场已尝试重启但未完全恢复。
解决方案：工程师按标准流程检查安装位置、校准日期、补偿参数和传感器老化情况，并核对日志中的 E304 记录。处理后观察两个心跳周期，数据恢复正常。
建议动作：直接指导客户排查"
TCK-2026-0008,历史工单,PM-80 振动阈值误报 历史工单,电力采集,PM-80,E307,振动阈值误报,"客户反馈 PM-80 振动阈值误报，平台记录错误码 E307，现场已尝试重启但未完全恢复。
解决方案：工程师按标准流程检查安装底座、阈值模板、采样频率和设备工况变化，并核对日志中的 E307 记录。处理后观察两个心跳周期，数据恢复正常。
建议动作：直接指导客户排查"
TCK-2026-0009,历史工单,PM-200 平台告警延迟 历史工单,电力采集,PM-200,E402,平台告警延迟,"客户反馈 PM-200 平台告警延迟，平台记录错误码 E402，现场已尝试重启但未完全恢复。
解决方案：工程师按标准流程检查上报频率、消息队列积压、规则引擎状态和网络延迟，并核对日志中的 E402 记录。处理后观察两个心跳周期，数据恢复正常。
建议动作：直接指导客户排查"
TCK-2026-0010,历史工单,GW-100 设备离线 历史工单,工业网关,GW-100,E101,设备离线,"客户反馈 GW-100 设备离线，平台记录错误码 E101，现场已尝试重启但未完全恢复。
解决方案：工程师按标准流程检查供电、网络、SIM 卡余额、MQTT Broker 地址和最近心跳时间，并核对日志中的 E101 记录。处理后观察两个心跳周期，数据恢复正常。
建议动作：建议转人工并收集日志"
TCK-2026-0011,历史工单,GW-200 MQTT 连接超时 历史工单,工业网关,GW-200,E104,MQTT 连接超时,"客户反馈 GW-200 MQTT 连接超时，平台记录错误码 E104，现场已尝试重启但未完全恢复。
解决方案：工程师按标准流程核对 Broker 域名、端口、TLS 证书、设备三元组和防火墙策略，并核对日志中的 E104 记录。处理后观察两个心跳周期，数据恢复正常。
建议动作：直接指导客户排查"
TCK-2026-0012,历史工单,GW-500 固件升级失败 历史工单,工业网关,GW-500,E107,固件升级失败,"客户反馈 GW-500 固件升级失败，平台记录错误码 E107，现场已尝试重启但未完全恢复。
解决方案：工程师按标准流程确认固件包型号匹配、电量充足、升级窗口稳定且断点续传可用，并核对日志中的 E107 记录。处理后观察两个心跳周期，数据恢复正常。
建议动作：直接指导客户排查"
TCK-2026-0013,历史工单,TH-10 传感器采样异常 历史工单,环境传感器,TH-10,E110,传感器采样异常,"客户反馈 TH-10 传感器采样异常，平台记录错误码 E110，现场已尝试重启但未完全恢复。
解决方案：工程师按标准流程检查采样周期、探头接线、量程配置、校准系数和环境干扰，并核对日志中的 E110 记录。处理后观察两个心跳周期，数据恢复正常。
建议动作：直接指导客户排查"
TCK-2026-0014,历史工单,TH-30 网关心跳丢失 历史工单,环境传感器,TH-30,E203,网关心跳丢失,"客户反馈 TH-30 网关心跳丢失，平台记录错误码 E203，现场已尝试重启但未完全恢复。
解决方案：工程师按标准流程查看心跳间隔、NTP 时间、弱网重连日志和平台接入状态，并核对日志中的 E203 记录。处理后观察两个心跳周期，数据恢复正常。
建议动作：直接指导客户排查"
TCK-2026-0015,历史工单,AQ-20 设备绑定失败 历史工单,环境传感器,AQ-20,E206,设备绑定失败,"客户反馈 AQ-20 设备绑定失败，平台记录错误码 E206，现场已尝试重启但未完全恢复。
解决方案：工程师按标准流程确认 SN/IMEI 未被占用、租户信息正确、二维码未过期，并核对日志中的 E206 记录。处理后观察两个心跳周期，数据恢复正常。
建议动作：建议转人工并收集日志"
TCK-2026-0016,历史工单,VB-100 电压数据异常 历史工单,振动监测,VB-100,E301,电压数据异常,"客户反馈 VB-100 电压数据异常，平台记录错误码 E301，现场已尝试重启但未完全恢复。
解决方案：工程师按标准流程核对互感器方向、倍率参数、接线相序和采样通道，并核对日志中的 E301 记录。处理后观察两个心跳周期，数据恢复正常。
建议动作：直接指导客户排查"
TCK-2026-0017,历史工单,VB-300 温度数据漂移 历史工单,振动监测,VB-300,E304,温度数据漂移,"客户反馈 VB-300 温度数据漂移，平台记录错误码 E304，现场已尝试重启但未完全恢复。
解决方案：工程师按标准流程检查安装位置、校准日期、补偿参数和传感器老化情况，并核对日志中的 E304 记录。处理后观察两个心跳周期，数据恢复正常。
建议动作：直接指导客户排查"
TCK-2026-0018,历史工单,PM-80 振动阈值误报 历史工单,电力采集,PM-80,E307,振动阈值误报,"客户反馈 PM-80 振动阈值误报，平台记录错误码 E307，现场已尝试重启但未完全恢复。
解决方案：工程师按标准流程检查安装底座、阈值模板、采样频率和设备工况变化，并核对日志中的 E307 记录。处理后观察两个心跳周期，数据恢复正常。
建议动作：直接指导客户排查"
TCK-2026-0019,历史工单,PM-200 平台告警延迟 历史工单,电力采集,PM-200,E402,平台告警延迟,"客户反馈 PM-200 平台告警延迟，平台记录错误码 E402，现场已尝试重启但未完全恢复。
解决方案：工程师按标准流程检查上报频率、消息队列积压、规则引擎状态和网络延迟，并核对日志中的 E402 记录。处理后观察两个心跳周期，数据恢复正常。
建议动作：直接指导客户排查"
TCK-2026-0020,历史工单,GW-100 设备离线 历史工单,工业网关,GW-100,E101,设备离线,"客户反馈 GW-100 设备离线，平台记录错误码 E101，现场已尝试重启但未完全恢复。
解决方案：工程师按标准流程检查供电、网络、SIM 卡余额、MQTT Broker 地址和最近心跳时间，并核对日志中的 E101 记录。处理后观察两个心跳周期，数据恢复正常。
建议动作：建议转人工并收集日志"
TCK-2026-0021,历史工单,GW-200 MQTT 连接超时 历史工单,工业网关,GW-200,E104,MQTT 连接超时,"客户反馈 GW-200 MQTT 连接超时，平台记录错误码 E104，现场已尝试重启但未完全恢复。
解决方案：工程师按标准流程核对 Broker 域名、端口、TLS 证书、设备三元组和防火墙策略，并核对日志中的 E104 记录。处理后观察两个心跳周期，数据恢复正常。
建议动作：直接指导客户排查"
TCK-2026-0022,历史工单,GW-500 固件升级失败 历史工单,工业网关,GW-500,E107,固件升级失败,"客户反馈 GW-500 固件升级失败，平台记录错误码 E107，现场已尝试重启但未完全恢复。
解决方案：工程师按标准流程确认固件包型号匹配、电量充足、升级窗口稳定且断点续传可用，并核对日志中的 E107 记录。处理后观察两个心跳周期，数据恢复正常。
建议动作：直接指导客户排查"
TCK-2026-0023,历史工单,TH-10 传感器采样异常 历史工单,环境传感器,TH-10,E110,传感器采样异常,"客户反馈 TH-10 传感器采样异常，平台记录错误码 E110，现场已尝试重启但未完全恢复。
解决方案：工程师按标准流程检查采样周期、探头接线、量程配置、校准系数和环境干扰，并核对日志中的 E110 记录。处理后观察两个心跳周期，数据恢复正常。
建议动作：直接指导客户排查"
TCK-2026-0024,历史工单,TH-30 网关心跳丢失 历史工单,环境传感器,TH-30,E203,网关心跳丢失,"客户反馈 TH-30 网关心跳丢失，平台记录错误码 E203，现场已尝试重启但未完全恢复。
解决方案：工程师按标准流程查看心跳间隔、NTP 时间、弱网重连日志和平台接入状态，并核对日志中的 E203 记录。处理后观察两个心跳周期，数据恢复正常。
建议动作：直接指导客户排查"
TCK-2026-0025,历史工单,AQ-20 设备绑定失败 历史工单,环境传感器,AQ-20,E206,设备绑定失败,"客户反馈 AQ-20 设备绑定失败，平台记录错误码 E206，现场已尝试重启但未完全恢复。
解决方案：工程师按标准流程确认 SN/IMEI 未被占用、租户信息正确、二维码未过期，并核对日志中的 E206 记录。处理后观察两个心跳周期，数据恢复正常。
建议动作：建议转人工并收集日志"
TCK-2026-0026,历史工单,VB-100 电压数据异常 历史工单,振动监测,VB-100,E301,电压数据异常,"客户反馈 VB-100 电压数据异常，平台记录错误码 E301，现场已尝试重启但未完全恢复。
解决方案：工程师按标准流程核对互感器方向、倍率参数、接线相序和采样通道，并核对日志中的 E301 记录。处理后观察两个心跳周期，数据恢复正常。
建议动作：直接指导客户排查"
TCK-2026-0027,历史工单,VB-300 温度数据漂移 历史工单,振动监测,VB-300,E304,温度数据漂移,"客户反馈 VB-300 温度数据漂移，平台记录错误码 E304，现场已尝试重启但未完全恢复。
解决方案：工程师按标准流程检查安装位置、校准日期、补偿参数和传感器老化情况，并核对日志中的 E304 记录。处理后观察两个心跳周期，数据恢复正常。
建议动作：直接指导客户排查"
TCK-2026-0028,历史工单,PM-80 振动阈值误报 历史工单,电力采集,PM-80,E307,振动阈值误报,"客户反馈 PM-80 振动阈值误报，平台记录错误码 E307，现场已尝试重启但未完全恢复。
解决方案：工程师按标准流程检查安装底座、阈值模板、采样频率和设备工况变化，并核对日志中的 E307 记录。处理后观察两个心跳周期，数据恢复正常。
建议动作：直接指导客户排查"
TCK-2026-0029,历史工单,PM-200 平台告警延迟 历史工单,电力采集,PM-200,E402,平台告警延迟,"客户反馈 PM-200 平台告警延迟，平台记录错误码 E402，现场已尝试重启但未完全恢复。
解决方案：工程师按标准流程检查上报频率、消息队列积压、规则引擎状态和网络延迟，并核对日志中的 E402 记录。处理后观察两个心跳周期，数据恢复正常。
建议动作：直接指导客户排查"
TCK-2026-0030,历史工单,GW-100 设备离线 历史工单,工业网关,GW-100,E101,设备离线,"客户反馈 GW-100 设备离线，平台记录错误码 E101，现场已尝试重启但未完全恢复。
解决方案：工程师按标准流程检查供电、网络、SIM 卡余额、MQTT Broker 地址和最近心跳时间，并核对日志中的 E101 记录。处理后观察两个心跳周期，数据恢复正常。
建议动作：建议转人工并收集日志"
TCK-2026-0031,历史工单,GW-200 MQTT 连接超时 历史工单,工业网关,GW-200,E104,MQTT 连接超时,"客户反馈 GW-200 MQTT 连接超时，平台记录错误码 E104，现场已尝试重启但未完全恢复。
解决方案：工程师按标准流程核对 Broker 域名、端口、TLS 证书、设备三元组和防火墙策略，并核对日志中的 E104 记录。处理后观察两个心跳周期，数据恢复正常。
建议动作：直接指导客户排查"
TCK-2026-0032,历史工单,GW-500 固件升级失败 历史工单,工业网关,GW-500,E107,固件升级失败,"客户反馈 GW-500 固件升级失败，平台记录错误码 E107，现场已尝试重启但未完全恢复。
解决方案：工程师按标准流程确认固件包型号匹配、电量充足、升级窗口稳定且断点续传可用，并核对日志中的 E107 记录。处理后观察两个心跳周期，数据恢复正常。
建议动作：直接指导客户排查"
TCK-2026-0033,历史工单,TH-10 传感器采样异常 历史工单,环境传感器,TH-10,E110,传感器采样异常,"客户反馈 TH-10 传感器采样异常，平台记录错误码 E110，现场已尝试重启但未完全恢复。
解决方案：工程师按标准流程检查采样周期、探头接线、量程配置、校准系数和环境干扰，并核对日志中的 E110 记录。处理后观察两个心跳周期，数据恢复正常。
建议动作：直接指导客户排查"
TCK-2026-0034,历史工单,TH-30 网关心跳丢失 历史工单,环境传感器,TH-30,E203,网关心跳丢失,"客户反馈 TH-30 网关心跳丢失，平台记录错误码 E203，现场已尝试重启但未完全恢复。
解决方案：工程师按标准流程查看心跳间隔、NTP 时间、弱网重连日志和平台接入状态，并核对日志中的 E203 记录。处理后观察两个心跳周期，数据恢复正常。
建议动作：直接指导客户排查"
TCK-2026-0035,历史工单,AQ-20 设备绑定失败 历史工单,环境传感器,AQ-20,E206,设备绑定失败,"客户反馈 AQ-20 设备绑定失败，平台记录错误码 E206，现场已尝试重启但未完全恢复。
解决方案：工程师按标准流程确认 SN/IMEI 未被占用、租户信息正确、二维码未过期，并核对日志中的 E206 记录。处理后观察两个心跳周期，数据恢复正常。
建议动作：建议转人工并收集日志"
TCK-2026-0036,历史工单,VB-100 电压数据异常 历史工单,振动监测,VB-100,E301,电压数据异常,"客户反馈 VB-100 电压数据异常，平台记录错误码 E301，现场已尝试重启但未完全恢复。
解决方案：工程师按标准流程核对互感器方向、倍率参数、接线相序和采样通道，并核对日志中的 E301 记录。处理后观察两个心跳周期，数据恢复正常。
建议动作：直接指导客户排查"
TCK-2026-0037,历史工单,VB-300 温度数据漂移 历史工单,振动监测,VB-300,E304,温度数据漂移,"客户反馈 VB-300 温度数据漂移，平台记录错误码 E304，现场已尝试重启但未完全恢复。
解决方案：工程师按标准流程检查安装位置、校准日期、补偿参数和传感器老化情况，并核对日志中的 E304 记录。处理后观察两个心跳周期，数据恢复正常。
建议动作：直接指导客户排查"
TCK-2026-0038,历史工单,PM-80 振动阈值误报 历史工单,电力采集,PM-80,E307,振动阈值误报,"客户反馈 PM-80 振动阈值误报，平台记录错误码 E307，现场已尝试重启但未完全恢复。
解决方案：工程师按标准流程检查安装底座、阈值模板、采样频率和设备工况变化，并核对日志中的 E307 记录。处理后观察两个心跳周期，数据恢复正常。
建议动作：直接指导客户排查"
TCK-2026-0039,历史工单,PM-200 平台告警延迟 历史工单,电力采集,PM-200,E402,平台告警延迟,"客户反馈 PM-200 平台告警延迟，平台记录错误码 E402，现场已尝试重启但未完全恢复。
解决方案：工程师按标准流程检查上报频率、消息队列积压、规则引擎状态和网络延迟，并核对日志中的 E402 记录。处理后观察两个心跳周期，数据恢复正常。
建议动作：直接指导客户排查"
TCK-2026-0040,历史工单,GW-100 设备离线 历史工单,工业网关,GW-100,E101,设备离线,"客户反馈 GW-100 设备离线，平台记录错误码 E101，现场已尝试重启但未完全恢复。
解决方案：工程师按标准流程检查供电、网络、SIM 卡余额、MQTT Broker 地址和最近心跳时间，并核对日志中的 E101 记录。处理后观察两个心跳周期，数据恢复正常。
建议动作：建议转人工并收集日志"
TCK-2026-0041,历史工单,GW-200 MQTT 连接超时 历史工单,工业网关,GW-200,E104,MQTT 连接超时,"客户反馈 GW-200 MQTT 连接超时，平台记录错误码 E104，现场已尝试重启但未完全恢复。
解决方案：工程师按标准流程核对 Broker 域名、端口、TLS 证书、设备三元组和防火墙策略，并核对日志中的 E104 记录。处理后观察两个心跳周期，数据恢复正常。
建议动作：直接指导客户排查"
TCK-2026-0042,历史工单,GW-500 固件升级失败 历史工单,工业网关,GW-500,E107,固件升级失败,"客户反馈 GW-500 固件升级失败，平台记录错误码 E107，现场已尝试重启但未完全恢复。
解决方案：工程师按标准流程确认固件包型号匹配、电量充足、升级窗口稳定且断点续传可用，并核对日志中的 E107 记录。处理后观察两个心跳周期，数据恢复正常。
建议动作：直接指导客户排查"
TCK-2026-0043,历史工单,TH-10 传感器采样异常 历史工单,环境传感器,TH-10,E110,传感器采样异常,"客户反馈 TH-10 传感器采样异常，平台记录错误码 E110，现场已尝试重启但未完全恢复。
解决方案：工程师按标准流程检查采样周期、探头接线、量程配置、校准系数和环境干扰，并核对日志中的 E110 记录。处理后观察两个心跳周期，数据恢复正常。
建议动作：直接指导客户排查"
TCK-2026-0044,历史工单,TH-30 网关心跳丢失 历史工单,环境传感器,TH-30,E203,网关心跳丢失,"客户反馈 TH-30 网关心跳丢失，平台记录错误码 E203，现场已尝试重启但未完全恢复。
解决方案：工程师按标准流程查看心跳间隔、NTP 时间、弱网重连日志和平台接入状态，并核对日志中的 E203 记录。处理后观察两个心跳周期，数据恢复正常。
建议动作：直接指导客户排查"
TCK-2026-0045,历史工单,AQ-20 设备绑定失败 历史工单,环境传感器,AQ-20,E206,设备绑定失败,"客户反馈 AQ-20 设备绑定失败，平台记录错误码 E206，现场已尝试重启但未完全恢复。
解决方案：工程师按标准流程确认 SN/IMEI 未被占用、租户信息正确、二维码未过期，并核对日志中的 E206 记录。处理后观察两个心跳周期，数据恢复正常。
建议动作：建议转人工并收集日志"
TCK-2026-0046,历史工单,VB-100 电压数据异常 历史工单,振动监测,VB-100,E301,电压数据异常,"客户反馈 VB-100 电压数据异常，平台记录错误码 E301，现场已尝试重启但未完全恢复。
解决方案：工程师按标准流程核对互感器方向、倍率参数、接线相序和采样通道，并核对日志中的 E301 记录。处理后观察两个心跳周期，数据恢复正常。
建议动作：直接指导客户排查"
TCK-2026-0047,历史工单,VB-300 温度数据漂移 历史工单,振动监测,VB-300,E304,温度数据漂移,"客户反馈 VB-300 温度数据漂移，平台记录错误码 E304，现场已尝试重启但未完全恢复。
解决方案：工程师按标准流程检查安装位置、校准日期、补偿参数和传感器老化情况，并核对日志中的 E304 记录。处理后观察两个心跳周期，数据恢复正常。
建议动作：直接指导客户排查"
TCK-2026-0048,历史工单,PM-80 振动阈值误报 历史工单,电力采集,PM-80,E307,振动阈值误报,"客户反馈 PM-80 振动阈值误报，平台记录错误码 E307，现场已尝试重启但未完全恢复。
解决方案：工程师按标准流程检查安装底座、阈值模板、采样频率和设备工况变化，并核对日志中的 E307 记录。处理后观察两个心跳周期，数据恢复正常。
建议动作：直接指导客户排查"
TCK-2026-0049,历史工单,PM-200 平台告警延迟 历史工单,电力采集,PM-200,E402,平台告警延迟,"客户反馈 PM-200 平台告警延迟，平台记录错误码 E402，现场已尝试重启但未完全恢复。
解决方案：工程师按标准流程检查上报频率、消息队列积压、规则引擎状态和网络延迟，并核对日志中的 E402 记录。处理后观察两个心跳周期，数据恢复正常。
建议动作：直接指导客户排查"
TCK-2026-0050,历史工单,GW-100 设备离线 历史工单,工业网关,GW-100,E101,设备离线,"客户反馈 GW-100 设备离线，平台记录错误码 E101，现场已尝试重启但未完全恢复。
解决方案：工程师按标准流程检查供电、网络、SIM 卡余额、MQTT Broker 地址和最近心跳时间，并核对日志中的 E101 记录。处理后观察两个心跳周期，数据恢复正常。
建议动作：建议转人工并收集日志"
TCK-2026-0051,历史工单,GW-200 MQTT 连接超时 历史工单,工业网关,GW-200,E104,MQTT 连接超时,"客户反馈 GW-200 MQTT 连接超时，平台记录错误码 E104，现场已尝试重启但未完全恢复。
解决方案：工程师按标准流程核对 Broker 域名、端口、TLS 证书、设备三元组和防火墙策略，并核对日志中的 E104 记录。处理后观察两个心跳周期，数据恢复正常。
建议动作：直接指导客户排查"
TCK-2026-0052,历史工单,GW-500 固件升级失败 历史工单,工业网关,GW-500,E107,固件升级失败,"客户反馈 GW-500 固件升级失败，平台记录错误码 E107，现场已尝试重启但未完全恢复。
解决方案：工程师按标准流程确认固件包型号匹配、电量充足、升级窗口稳定且断点续传可用，并核对日志中的 E107 记录。处理后观察两个心跳周期，数据恢复正常。
建议动作：直接指导客户排查"
TCK-2026-0053,历史工单,TH-10 传感器采样异常 历史工单,环境传感器,TH-10,E110,传感器采样异常,"客户反馈 TH-10 传感器采样异常，平台记录错误码 E110，现场已尝试重启但未完全恢复。
解决方案：工程师按标准流程检查采样周期、探头接线、量程配置、校准系数和环境干扰，并核对日志中的 E110 记录。处理后观察两个心跳周期，数据恢复正常。
建议动作：直接指导客户排查"
TCK-2026-0054,历史工单,TH-30 网关心跳丢失 历史工单,环境传感器,TH-30,E203,网关心跳丢失,"客户反馈 TH-30 网关心跳丢失，平台记录错误码 E203，现场已尝试重启但未完全恢复。
解决方案：工程师按标准流程查看心跳间隔、NTP 时间、弱网重连日志和平台接入状态，并核对日志中的 E203 记录。处理后观察两个心跳周期，数据恢复正常。
建议动作：直接指导客户排查"
TCK-2026-0055,历史工单,AQ-20 设备绑定失败 历史工单,环境传感器,AQ-20,E206,设备绑定失败,"客户反馈 AQ-20 设备绑定失败，平台记录错误码 E206，现场已尝试重启但未完全恢复。
解决方案：工程师按标准流程确认 SN/IMEI 未被占用、租户信息正确、二维码未过期，并核对日志中的 E206 记录。处理后观察两个心跳周期，数据恢复正常。
建议动作：建议转人工并收集日志"
TCK-2026-0056,历史工单,VB-100 电压数据异常 历史工单,振动监测,VB-100,E301,电压数据异常,"客户反馈 VB-100 电压数据异常，平台记录错误码 E301，现场已尝试重启但未完全恢复。
解决方案：工程师按标准流程核对互感器方向、倍率参数、接线相序和采样通道，并核对日志中的 E301 记录。处理后观察两个心跳周期，数据恢复正常。
建议动作：直接指导客户排查"
TCK-2026-0057,历史工单,VB-300 温度数据漂移 历史工单,振动监测,VB-300,E304,温度数据漂移,"客户反馈 VB-300 温度数据漂移，平台记录错误码 E304，现场已尝试重启但未完全恢复。
解决方案：工程师按标准流程检查安装位置、校准日期、补偿参数和传感器老化情况，并核对日志中的 E304 记录。处理后观察两个心跳周期，数据恢复正常。
建议动作：直接指导客户排查"
TCK-2026-0058,历史工单,PM-80 振动阈值误报 历史工单,电力采集,PM-80,E307,振动阈值误报,"客户反馈 PM-80 振动阈值误报，平台记录错误码 E307，现场已尝试重启但未完全恢复。
解决方案：工程师按标准流程检查安装底座、阈值模板、采样频率和设备工况变化，并核对日志中的 E307 记录。处理后观察两个心跳周期，数据恢复正常。
建议动作：直接指导客户排查"
TCK-2026-0059,历史工单,PM-200 平台告警延迟 历史工单,电力采集,PM-200,E402,平台告警延迟,"客户反馈 PM-200 平台告警延迟，平台记录错误码 E402，现场已尝试重启但未完全恢复。
解决方案：工程师按标准流程检查上报频率、消息队列积压、规则引擎状态和网络延迟，并核对日志中的 E402 记录。处理后观察两个心跳周期，数据恢复正常。
建议动作：直接指导客户排查"
TCK-2026-0060,历史工单,GW-100 设备离线 历史工单,工业网关,GW-100,E101,设备离线,"客户反馈 GW-100 设备离线，平台记录错误码 E101，现场已尝试重启但未完全恢复。
解决方案：工程师按标准流程检查供电、网络、SIM 卡余额、MQTT Broker 地址和最近心跳时间，并核对日志中的 E101 记录。处理后观察两个心跳周期，数据恢复正常。
建议动作：建议转人工并收集日志"
TCK-2026-0061,历史工单,GW-200 MQTT 连接超时 历史工单,工业网关,GW-200,E104,MQTT 连接超时,"客户反馈 GW-200 MQTT 连接超时，平台记录错误码 E104，现场已尝试重启但未完全恢复。
解决方案：工程师按标准流程核对 Broker 域名、端口、TLS 证书、设备三元组和防火墙策略，并核对日志中的 E104 记录。处理后观察两个心跳周期，数据恢复正常。
建议动作：直接指导客户排查"
TCK-2026-0062,历史工单,GW-500 固件升级失败 历史工单,工业网关,GW-500,E107,固件升级失败,"客户反馈 GW-500 固件升级失败，平台记录错误码 E107，现场已尝试重启但未完全恢复。
解决方案：工程师按标准流程确认固件包型号匹配、电量充足、升级窗口稳定且断点续传可用，并核对日志中的 E107 记录。处理后观察两个心跳周期，数据恢复正常。
建议动作：直接指导客户排查"
TCK-2026-0063,历史工单,TH-10 传感器采样异常 历史工单,环境传感器,TH-10,E110,传感器采样异常,"客户反馈 TH-10 传感器采样异常，平台记录错误码 E110，现场已尝试重启但未完全恢复。
解决方案：工程师按标准流程检查采样周期、探头接线、量程配置、校准系数和环境干扰，并核对日志中的 E110 记录。处理后观察两个心跳周期，数据恢复正常。
建议动作：直接指导客户排查"
TCK-2026-0064,历史工单,TH-30 网关心跳丢失 历史工单,环境传感器,TH-30,E203,网关心跳丢失,"客户反馈 TH-30 网关心跳丢失，平台记录错误码 E203，现场已尝试重启但未完全恢复。
解决方案：工程师按标准流程查看心跳间隔、NTP 时间、弱网重连日志和平台接入状态，并核对日志中的 E203 记录。处理后观察两个心跳周期，数据恢复正常。
建议动作：直接指导客户排查"
TCK-2026-0065,历史工单,AQ-20 设备绑定失败 历史工单,环境传感器,AQ-20,E206,设备绑定失败,"客户反馈 AQ-20 设备绑定失败，平台记录错误码 E206，现场已尝试重启但未完全恢复。
解决方案：工程师按标准流程确认 SN/IMEI 未被占用、租户信息正确、二维码未过期，并核对日志中的 E206 记录。处理后观察两个心跳周期，数据恢复正常。
建议动作：建议转人工并收集日志"
TCK-2026-0066,历史工单,VB-100 电压数据异常 历史工单,振动监测,VB-100,E301,电压数据异常,"客户反馈 VB-100 电压数据异常，平台记录错误码 E301，现场已尝试重启但未完全恢复。
解决方案：工程师按标准流程核对互感器方向、倍率参数、接线相序和采样通道，并核对日志中的 E301 记录。处理后观察两个心跳周期，数据恢复正常。
建议动作：直接指导客户排查"
TCK-2026-0067,历史工单,VB-300 温度数据漂移 历史工单,振动监测,VB-300,E304,温度数据漂移,"客户反馈 VB-300 温度数据漂移，平台记录错误码 E304，现场已尝试重启但未完全恢复。
解决方案：工程师按标准流程检查安装位置、校准日期、补偿参数和传感器老化情况，并核对日志中的 E304 记录。处理后观察两个心跳周期，数据恢复正常。
建议动作：直接指导客户排查"
TCK-2026-0068,历史工单,PM-80 振动阈值误报 历史工单,电力采集,PM-80,E307,振动阈值误报,"客户反馈 PM-80 振动阈值误报，平台记录错误码 E307，现场已尝试重启但未完全恢复。
解决方案：工程师按标准流程检查安装底座、阈值模板、采样频率和设备工况变化，并核对日志中的 E307 记录。处理后观察两个心跳周期，数据恢复正常。
建议动作：直接指导客户排查"
TCK-2026-0069,历史工单,PM-200 平台告警延迟 历史工单,电力采集,PM-200,E402,平台告警延迟,"客户反馈 PM-200 平台告警延迟，平台记录错误码 E402，现场已尝试重启但未完全恢复。
解决方案：工程师按标准流程检查上报频率、消息队列积压、规则引擎状态和网络延迟，并核对日志中的 E402 记录。处理后观察两个心跳周期，数据恢复正常。
建议动作：直接指导客户排查"
TCK-2026-0070,历史工单,GW-100 设备离线 历史工单,工业网关,GW-100,E101,设备离线,"客户反馈 GW-100 设备离线，平台记录错误码 E101，现场已尝试重启但未完全恢复。
解决方案：工程师按标准流程检查供电、网络、SIM 卡余额、MQTT Broker 地址和最近心跳时间，并核对日志中的 E101 记录。处理后观察两个心跳周期，数据恢复正常。
建议动作：建议转人工并收集日志"
TCK-2026-0071,历史工单,GW-200 MQTT 连接超时 历史工单,工业网关,GW-200,E104,MQTT 连接超时,"客户反馈 GW-200 MQTT 连接超时，平台记录错误码 E104，现场已尝试重启但未完全恢复。
解决方案：工程师按标准流程核对 Broker 域名、端口、TLS 证书、设备三元组和防火墙策略，并核对日志中的 E104 记录。处理后观察两个心跳周期，数据恢复正常。
建议动作：直接指导客户排查"
TCK-2026-0072,历史工单,GW-500 固件升级失败 历史工单,工业网关,GW-500,E107,固件升级失败,"客户反馈 GW-500 固件升级失败，平台记录错误码 E107，现场已尝试重启但未完全恢复。
解决方案：工程师按标准流程确认固件包型号匹配、电量充足、升级窗口稳定且断点续传可用，并核对日志中的 E107 记录。处理后观察两个心跳周期，数据恢复正常。
建议动作：直接指导客户排查"
TCK-2026-0073,历史工单,TH-10 传感器采样异常 历史工单,环境传感器,TH-10,E110,传感器采样异常,"客户反馈 TH-10 传感器采样异常，平台记录错误码 E110，现场已尝试重启但未完全恢复。
解决方案：工程师按标准流程检查采样周期、探头接线、量程配置、校准系数和环境干扰，并核对日志中的 E110 记录。处理后观察两个心跳周期，数据恢复正常。
建议动作：直接指导客户排查"
TCK-2026-0074,历史工单,TH-30 网关心跳丢失 历史工单,环境传感器,TH-30,E203,网关心跳丢失,"客户反馈 TH-30 网关心跳丢失，平台记录错误码 E203，现场已尝试重启但未完全恢复。
解决方案：工程师按标准流程查看心跳间隔、NTP 时间、弱网重连日志和平台接入状态，并核对日志中的 E203 记录。处理后观察两个心跳周期，数据恢复正常。
建议动作：直接指导客户排查"
TCK-2026-0075,历史工单,AQ-20 设备绑定失败 历史工单,环境传感器,AQ-20,E206,设备绑定失败,"客户反馈 AQ-20 设备绑定失败，平台记录错误码 E206，现场已尝试重启但未完全恢复。
解决方案：工程师按标准流程确认 SN/IMEI 未被占用、租户信息正确、二维码未过期，并核对日志中的 E206 记录。处理后观察两个心跳周期，数据恢复正常。
建议动作：建议转人工并收集日志"
TCK-2026-0076,历史工单,VB-100 电压数据异常 历史工单,振动监测,VB-100,E301,电压数据异常,"客户反馈 VB-100 电压数据异常，平台记录错误码 E301，现场已尝试重启但未完全恢复。
解决方案：工程师按标准流程核对互感器方向、倍率参数、接线相序和采样通道，并核对日志中的 E301 记录。处理后观察两个心跳周期，数据恢复正常。
建议动作：直接指导客户排查"
TCK-2026-0077,历史工单,VB-300 温度数据漂移 历史工单,振动监测,VB-300,E304,温度数据漂移,"客户反馈 VB-300 温度数据漂移，平台记录错误码 E304，现场已尝试重启但未完全恢复。
解决方案：工程师按标准流程检查安装位置、校准日期、补偿参数和传感器老化情况，并核对日志中的 E304 记录。处理后观察两个心跳周期，数据恢复正常。
建议动作：直接指导客户排查"
TCK-2026-0078,历史工单,PM-80 振动阈值误报 历史工单,电力采集,PM-80,E307,振动阈值误报,"客户反馈 PM-80 振动阈值误报，平台记录错误码 E307，现场已尝试重启但未完全恢复。
解决方案：工程师按标准流程检查安装底座、阈值模板、采样频率和设备工况变化，并核对日志中的 E307 记录。处理后观察两个心跳周期，数据恢复正常。
建议动作：直接指导客户排查"
TCK-2026-0079,历史工单,PM-200 平台告警延迟 历史工单,电力采集,PM-200,E402,平台告警延迟,"客户反馈 PM-200 平台告警延迟，平台记录错误码 E402，现场已尝试重启但未完全恢复。
解决方案：工程师按标准流程检查上报频率、消息队列积压、规则引擎状态和网络延迟，并核对日志中的 E402 记录。处理后观察两个心跳周期，数据恢复正常。
建议动作：直接指导客户排查"
TCK-2026-0080,历史工单,GW-100 设备离线 历史工单,工业网关,GW-100,E101,设备离线,"客户反馈 GW-100 设备离线，平台记录错误码 E101，现场已尝试重启但未完全恢复。
解决方案：工程师按标准流程检查供电、网络、SIM 卡余额、MQTT Broker 地址和最近心跳时间，并核对日志中的 E101 记录。处理后观察两个心跳周期，数据恢复正常。
建议动作：建议转人工并收集日志"
TCK-2026-0081,历史工单,GW-200 MQTT 连接超时 历史工单,工业网关,GW-200,E104,MQTT 连接超时,"客户反馈 GW-200 MQTT 连接超时，平台记录错误码 E104，现场已尝试重启但未完全恢复。
解决方案：工程师按标准流程核对 Broker 域名、端口、TLS 证书、设备三元组和防火墙策略，并核对日志中的 E104 记录。处理后观察两个心跳周期，数据恢复正常。
建议动作：直接指导客户排查"
TCK-2026-0082,历史工单,GW-500 固件升级失败 历史工单,工业网关,GW-500,E107,固件升级失败,"客户反馈 GW-500 固件升级失败，平台记录错误码 E107，现场已尝试重启但未完全恢复。
解决方案：工程师按标准流程确认固件包型号匹配、电量充足、升级窗口稳定且断点续传可用，并核对日志中的 E107 记录。处理后观察两个心跳周期，数据恢复正常。
建议动作：直接指导客户排查"
TCK-2026-0083,历史工单,TH-10 传感器采样异常 历史工单,环境传感器,TH-10,E110,传感器采样异常,"客户反馈 TH-10 传感器采样异常，平台记录错误码 E110，现场已尝试重启但未完全恢复。
解决方案：工程师按标准流程检查采样周期、探头接线、量程配置、校准系数和环境干扰，并核对日志中的 E110 记录。处理后观察两个心跳周期，数据恢复正常。
建议动作：直接指导客户排查"
TCK-2026-0084,历史工单,TH-30 网关心跳丢失 历史工单,环境传感器,TH-30,E203,网关心跳丢失,"客户反馈 TH-30 网关心跳丢失，平台记录错误码 E203，现场已尝试重启但未完全恢复。
解决方案：工程师按标准流程查看心跳间隔、NTP 时间、弱网重连日志和平台接入状态，并核对日志中的 E203 记录。处理后观察两个心跳周期，数据恢复正常。
建议动作：直接指导客户排查"
TCK-2026-0085,历史工单,AQ-20 设备绑定失败 历史工单,环境传感器,AQ-20,E206,设备绑定失败,"客户反馈 AQ-20 设备绑定失败，平台记录错误码 E206，现场已尝试重启但未完全恢复。
解决方案：工程师按标准流程确认 SN/IMEI 未被占用、租户信息正确、二维码未过期，并核对日志中的 E206 记录。处理后观察两个心跳周期，数据恢复正常。
建议动作：建议转人工并收集日志"
TCK-2026-0086,历史工单,VB-100 电压数据异常 历史工单,振动监测,VB-100,E301,电压数据异常,"客户反馈 VB-100 电压数据异常，平台记录错误码 E301，现场已尝试重启但未完全恢复。
解决方案：工程师按标准流程核对互感器方向、倍率参数、接线相序和采样通道，并核对日志中的 E301 记录。处理后观察两个心跳周期，数据恢复正常。
建议动作：直接指导客户排查"
TCK-2026-0087,历史工单,VB-300 温度数据漂移 历史工单,振动监测,VB-300,E304,温度数据漂移,"客户反馈 VB-300 温度数据漂移，平台记录错误码 E304，现场已尝试重启但未完全恢复。
解决方案：工程师按标准流程检查安装位置、校准日期、补偿参数和传感器老化情况，并核对日志中的 E304 记录。处理后观察两个心跳周期，数据恢复正常。
建议动作：直接指导客户排查"
TCK-2026-0088,历史工单,PM-80 振动阈值误报 历史工单,电力采集,PM-80,E307,振动阈值误报,"客户反馈 PM-80 振动阈值误报，平台记录错误码 E307，现场已尝试重启但未完全恢复。
解决方案：工程师按标准流程检查安装底座、阈值模板、采样频率和设备工况变化，并核对日志中的 E307 记录。处理后观察两个心跳周期，数据恢复正常。
建议动作：直接指导客户排查"
TCK-2026-0089,历史工单,PM-200 平台告警延迟 历史工单,电力采集,PM-200,E402,平台告警延迟,"客户反馈 PM-200 平台告警延迟，平台记录错误码 E402，现场已尝试重启但未完全恢复。
解决方案：工程师按标准流程检查上报频率、消息队列积压、规则引擎状态和网络延迟，并核对日志中的 E402 记录。处理后观察两个心跳周期，数据恢复正常。
建议动作：直接指导客户排查"
TCK-2026-0090,历史工单,GW-100 设备离线 历史工单,工业网关,GW-100,E101,设备离线,"客户反馈 GW-100 设备离线，平台记录错误码 E101，现场已尝试重启但未完全恢复。
解决方案：工程师按标准流程检查供电、网络、SIM 卡余额、MQTT Broker 地址和最近心跳时间，并核对日志中的 E101 记录。处理后观察两个心跳周期，数据恢复正常。
建议动作：建议转人工并收集日志"
TCK-2026-0091,历史工单,GW-200 MQTT 连接超时 历史工单,工业网关,GW-200,E104,MQTT 连接超时,"客户反馈 GW-200 MQTT 连接超时，平台记录错误码 E104，现场已尝试重启但未完全恢复。
解决方案：工程师按标准流程核对 Broker 域名、端口、TLS 证书、设备三元组和防火墙策略，并核对日志中的 E104 记录。处理后观察两个心跳周期，数据恢复正常。
建议动作：直接指导客户排查"
TCK-2026-0092,历史工单,GW-500 固件升级失败 历史工单,工业网关,GW-500,E107,固件升级失败,"客户反馈 GW-500 固件升级失败，平台记录错误码 E107，现场已尝试重启但未完全恢复。
解决方案：工程师按标准流程确认固件包型号匹配、电量充足、升级窗口稳定且断点续传可用，并核对日志中的 E107 记录。处理后观察两个心跳周期，数据恢复正常。
建议动作：直接指导客户排查"
TCK-2026-0093,历史工单,TH-10 传感器采样异常 历史工单,环境传感器,TH-10,E110,传感器采样异常,"客户反馈 TH-10 传感器采样异常，平台记录错误码 E110，现场已尝试重启但未完全恢复。
解决方案：工程师按标准流程检查采样周期、探头接线、量程配置、校准系数和环境干扰，并核对日志中的 E110 记录。处理后观察两个心跳周期，数据恢复正常。
建议动作：直接指导客户排查"
TCK-2026-0094,历史工单,TH-30 网关心跳丢失 历史工单,环境传感器,TH-30,E203,网关心跳丢失,"客户反馈 TH-30 网关心跳丢失，平台记录错误码 E203，现场已尝试重启但未完全恢复。
解决方案：工程师按标准流程查看心跳间隔、NTP 时间、弱网重连日志和平台接入状态，并核对日志中的 E203 记录。处理后观察两个心跳周期，数据恢复正常。
建议动作：直接指导客户排查"
TCK-2026-0095,历史工单,AQ-20 设备绑定失败 历史工单,环境传感器,AQ-20,E206,设备绑定失败,"客户反馈 AQ-20 设备绑定失败，平台记录错误码 E206，现场已尝试重启但未完全恢复。
解决方案：工程师按标准流程确认 SN/IMEI 未被占用、租户信息正确、二维码未过期，并核对日志中的 E206 记录。处理后观察两个心跳周期，数据恢复正常。
建议动作：建议转人工并收集日志"
TCK-2026-0096,历史工单,VB-100 电压数据异常 历史工单,振动监测,VB-100,E301,电压数据异常,"客户反馈 VB-100 电压数据异常，平台记录错误码 E301，现场已尝试重启但未完全恢复。
解决方案：工程师按标准流程核对互感器方向、倍率参数、接线相序和采样通道，并核对日志中的 E301 记录。处理后观察两个心跳周期，数据恢复正常。
建议动作：直接指导客户排查"
TCK-2026-0097,历史工单,VB-300 温度数据漂移 历史工单,振动监测,VB-300,E304,温度数据漂移,"客户反馈 VB-300 温度数据漂移，平台记录错误码 E304，现场已尝试重启但未完全恢复。
解决方案：工程师按标准流程检查安装位置、校准日期、补偿参数和传感器老化情况，并核对日志中的 E304 记录。处理后观察两个心跳周期，数据恢复正常。
建议动作：直接指导客户排查"
TCK-2026-0098,历史工单,PM-80 振动阈值误报 历史工单,电力采集,PM-80,E307,振动阈值误报,"客户反馈 PM-80 振动阈值误报，平台记录错误码 E307，现场已尝试重启但未完全恢复。
解决方案：工程师按标准流程检查安装底座、阈值模板、采样频率和设备工况变化，并核对日志中的 E307 记录。处理后观察两个心跳周期，数据恢复正常。
建议动作：直接指导客户排查"
TCK-2026-0099,历史工单,PM-200 平台告警延迟 历史工单,电力采集,PM-200,E402,平台告警延迟,"客户反馈 PM-200 平台告警延迟，平台记录错误码 E402，现场已尝试重启但未完全恢复。
解决方案：工程师按标准流程检查上报频率、消息队列积压、规则引擎状态和网络延迟，并核对日志中的 E402 记录。处理后观察两个心跳周期，数据恢复正常。
建议动作：直接指导客户排查"
TCK-2026-0100,历史工单,GW-100 设备离线 历史工单,工业网关,GW-100,E101,设备离线,"客户反馈 GW-100 设备离线，平台记录错误码 E101，现场已尝试重启但未完全恢复。
解决方案：工程师按标准流程检查供电、网络、SIM 卡余额、MQTT Broker 地址和最近心跳时间，并核对日志中的 E101 记录。处理后观察两个心跳周期，数据恢复正常。
建议动作：建议转人工并收集日志"
TCK-2026-0101,历史工单,GW-200 MQTT 连接超时 历史工单,工业网关,GW-200,E104,MQTT 连接超时,"客户反馈 GW-200 MQTT 连接超时，平台记录错误码 E104，现场已尝试重启但未完全恢复。
解决方案：工程师按标准流程核对 Broker 域名、端口、TLS 证书、设备三元组和防火墙策略，并核对日志中的 E104 记录。处理后观察两个心跳周期，数据恢复正常。
建议动作：直接指导客户排查"
TCK-2026-0102,历史工单,GW-500 固件升级失败 历史工单,工业网关,GW-500,E107,固件升级失败,"客户反馈 GW-500 固件升级失败，平台记录错误码 E107，现场已尝试重启但未完全恢复。
解决方案：工程师按标准流程确认固件包型号匹配、电量充足、升级窗口稳定且断点续传可用，并核对日志中的 E107 记录。处理后观察两个心跳周期，数据恢复正常。
建议动作：直接指导客户排查"
TCK-2026-0103,历史工单,TH-10 传感器采样异常 历史工单,环境传感器,TH-10,E110,传感器采样异常,"客户反馈 TH-10 传感器采样异常，平台记录错误码 E110，现场已尝试重启但未完全恢复。
解决方案：工程师按标准流程检查采样周期、探头接线、量程配置、校准系数和环境干扰，并核对日志中的 E110 记录。处理后观察两个心跳周期，数据恢复正常。
建议动作：直接指导客户排查"
TCK-2026-0104,历史工单,TH-30 网关心跳丢失 历史工单,环境传感器,TH-30,E203,网关心跳丢失,"客户反馈 TH-30 网关心跳丢失，平台记录错误码 E203，现场已尝试重启但未完全恢复。
解决方案：工程师按标准流程查看心跳间隔、NTP 时间、弱网重连日志和平台接入状态，并核对日志中的 E203 记录。处理后观察两个心跳周期，数据恢复正常。
建议动作：直接指导客户排查"
TCK-2026-0105,历史工单,AQ-20 设备绑定失败 历史工单,环境传感器,AQ-20,E206,设备绑定失败,"客户反馈 AQ-20 设备绑定失败，平台记录错误码 E206，现场已尝试重启但未完全恢复。
解决方案：工程师按标准流程确认 SN/IMEI 未被占用、租户信息正确、二维码未过期，并核对日志中的 E206 记录。处理后观察两个心跳周期，数据恢复正常。
建议动作：建议转人工并收集日志"
TCK-2026-0106,历史工单,VB-100 电压数据异常 历史工单,振动监测,VB-100,E301,电压数据异常,"客户反馈 VB-100 电压数据异常，平台记录错误码 E301，现场已尝试重启但未完全恢复。
解决方案：工程师按标准流程核对互感器方向、倍率参数、接线相序和采样通道，并核对日志中的 E301 记录。处理后观察两个心跳周期，数据恢复正常。
建议动作：直接指导客户排查"
TCK-2026-0107,历史工单,VB-300 温度数据漂移 历史工单,振动监测,VB-300,E304,温度数据漂移,"客户反馈 VB-300 温度数据漂移，平台记录错误码 E304，现场已尝试重启但未完全恢复。
解决方案：工程师按标准流程检查安装位置、校准日期、补偿参数和传感器老化情况，并核对日志中的 E304 记录。处理后观察两个心跳周期，数据恢复正常。
建议动作：直接指导客户排查"
TCK-2026-0108,历史工单,PM-80 振动阈值误报 历史工单,电力采集,PM-80,E307,振动阈值误报,"客户反馈 PM-80 振动阈值误报，平台记录错误码 E307，现场已尝试重启但未完全恢复。
解决方案：工程师按标准流程检查安装底座、阈值模板、采样频率和设备工况变化，并核对日志中的 E307 记录。处理后观察两个心跳周期，数据恢复正常。
建议动作：直接指导客户排查"
TCK-2026-0109,历史工单,PM-200 平台告警延迟 历史工单,电力采集,PM-200,E402,平台告警延迟,"客户反馈 PM-200 平台告警延迟，平台记录错误码 E402，现场已尝试重启但未完全恢复。
解决方案：工程师按标准流程检查上报频率、消息队列积压、规则引擎状态和网络延迟，并核对日志中的 E402 记录。处理后观察两个心跳周期，数据恢复正常。
建议动作：直接指导客户排查"
TCK-2026-0110,历史工单,GW-100 设备离线 历史工单,工业网关,GW-100,E101,设备离线,"客户反馈 GW-100 设备离线，平台记录错误码 E101，现场已尝试重启但未完全恢复。
解决方案：工程师按标准流程检查供电、网络、SIM 卡余额、MQTT Broker 地址和最近心跳时间，并核对日志中的 E101 记录。处理后观察两个心跳周期，数据恢复正常。
建议动作：建议转人工并收集日志"
TCK-2026-0111,历史工单,GW-200 MQTT 连接超时 历史工单,工业网关,GW-200,E104,MQTT 连接超时,"客户反馈 GW-200 MQTT 连接超时，平台记录错误码 E104，现场已尝试重启但未完全恢复。
解决方案：工程师按标准流程核对 Broker 域名、端口、TLS 证书、设备三元组和防火墙策略，并核对日志中的 E104 记录。处理后观察两个心跳周期，数据恢复正常。
建议动作：直接指导客户排查"
TCK-2026-0112,历史工单,GW-500 固件升级失败 历史工单,工业网关,GW-500,E107,固件升级失败,"客户反馈 GW-500 固件升级失败，平台记录错误码 E107，现场已尝试重启但未完全恢复。
解决方案：工程师按标准流程确认固件包型号匹配、电量充足、升级窗口稳定且断点续传可用，并核对日志中的 E107 记录。处理后观察两个心跳周期，数据恢复正常。
建议动作：直接指导客户排查"
TCK-2026-0113,历史工单,TH-10 传感器采样异常 历史工单,环境传感器,TH-10,E110,传感器采样异常,"客户反馈 TH-10 传感器采样异常，平台记录错误码 E110，现场已尝试重启但未完全恢复。
解决方案：工程师按标准流程检查采样周期、探头接线、量程配置、校准系数和环境干扰，并核对日志中的 E110 记录。处理后观察两个心跳周期，数据恢复正常。
建议动作：直接指导客户排查"
TCK-2026-0114,历史工单,TH-30 网关心跳丢失 历史工单,环境传感器,TH-30,E203,网关心跳丢失,"客户反馈 TH-30 网关心跳丢失，平台记录错误码 E203，现场已尝试重启但未完全恢复。
解决方案：工程师按标准流程查看心跳间隔、NTP 时间、弱网重连日志和平台接入状态，并核对日志中的 E203 记录。处理后观察两个心跳周期，数据恢复正常。
建议动作：直接指导客户排查"
TCK-2026-0115,历史工单,AQ-20 设备绑定失败 历史工单,环境传感器,AQ-20,E206,设备绑定失败,"客户反馈 AQ-20 设备绑定失败，平台记录错误码 E206，现场已尝试重启但未完全恢复。
解决方案：工程师按标准流程确认 SN/IMEI 未被占用、租户信息正确、二维码未过期，并核对日志中的 E206 记录。处理后观察两个心跳周期，数据恢复正常。
建议动作：建议转人工并收集日志"
TCK-2026-0116,历史工单,VB-100 电压数据异常 历史工单,振动监测,VB-100,E301,电压数据异常,"客户反馈 VB-100 电压数据异常，平台记录错误码 E301，现场已尝试重启但未完全恢复。
解决方案：工程师按标准流程核对互感器方向、倍率参数、接线相序和采样通道，并核对日志中的 E301 记录。处理后观察两个心跳周期，数据恢复正常。
建议动作：直接指导客户排查"
TCK-2026-0117,历史工单,VB-300 温度数据漂移 历史工单,振动监测,VB-300,E304,温度数据漂移,"客户反馈 VB-300 温度数据漂移，平台记录错误码 E304，现场已尝试重启但未完全恢复。
解决方案：工程师按标准流程检查安装位置、校准日期、补偿参数和传感器老化情况，并核对日志中的 E304 记录。处理后观察两个心跳周期，数据恢复正常。
建议动作：直接指导客户排查"
TCK-2026-0118,历史工单,PM-80 振动阈值误报 历史工单,电力采集,PM-80,E307,振动阈值误报,"客户反馈 PM-80 振动阈值误报，平台记录错误码 E307，现场已尝试重启但未完全恢复。
解决方案：工程师按标准流程检查安装底座、阈值模板、采样频率和设备工况变化，并核对日志中的 E307 记录。处理后观察两个心跳周期，数据恢复正常。
建议动作：直接指导客户排查"
TCK-2026-0119,历史工单,PM-200 平台告警延迟 历史工单,电力采集,PM-200,E402,平台告警延迟,"客户反馈 PM-200 平台告警延迟，平台记录错误码 E402，现场已尝试重启但未完全恢复。
解决方案：工程师按标准流程检查上报频率、消息队列积压、规则引擎状态和网络延迟，并核对日志中的 E402 记录。处理后观察两个心跳周期，数据恢复正常。
建议动作：直接指导客户排查"
TCK-2026-0120,历史工单,GW-100 设备离线 历史工单,工业网关,GW-100,E101,设备离线,"客户反馈 GW-100 设备离线，平台记录错误码 E101，现场已尝试重启但未完全恢复。
解决方案：工程师按标准流程检查供电、网络、SIM 卡余额、MQTT Broker 地址和最近心跳时间，并核对日志中的 E101 记录。处理后观察两个心跳周期，数据恢复正常。
建议动作：建议转人工并收集日志"
TCK-2026-0121,历史工单,GW-200 MQTT 连接超时 历史工单,工业网关,GW-200,E104,MQTT 连接超时,"客户反馈 GW-200 MQTT 连接超时，平台记录错误码 E104，现场已尝试重启但未完全恢复。
解决方案：工程师按标准流程核对 Broker 域名、端口、TLS 证书、设备三元组和防火墙策略，并核对日志中的 E104 记录。处理后观察两个心跳周期，数据恢复正常。
建议动作：直接指导客户排查"
TCK-2026-0122,历史工单,GW-500 固件升级失败 历史工单,工业网关,GW-500,E107,固件升级失败,"客户反馈 GW-500 固件升级失败，平台记录错误码 E107，现场已尝试重启但未完全恢复。
解决方案：工程师按标准流程确认固件包型号匹配、电量充足、升级窗口稳定且断点续传可用，并核对日志中的 E107 记录。处理后观察两个心跳周期，数据恢复正常。
建议动作：直接指导客户排查"
TCK-2026-0123,历史工单,TH-10 传感器采样异常 历史工单,环境传感器,TH-10,E110,传感器采样异常,"客户反馈 TH-10 传感器采样异常，平台记录错误码 E110，现场已尝试重启但未完全恢复。
解决方案：工程师按标准流程检查采样周期、探头接线、量程配置、校准系数和环境干扰，并核对日志中的 E110 记录。处理后观察两个心跳周期，数据恢复正常。
建议动作：直接指导客户排查"
TCK-2026-0124,历史工单,TH-30 网关心跳丢失 历史工单,环境传感器,TH-30,E203,网关心跳丢失,"客户反馈 TH-30 网关心跳丢失，平台记录错误码 E203，现场已尝试重启但未完全恢复。
解决方案：工程师按标准流程查看心跳间隔、NTP 时间、弱网重连日志和平台接入状态，并核对日志中的 E203 记录。处理后观察两个心跳周期，数据恢复正常。
建议动作：直接指导客户排查"
TCK-2026-0125,历史工单,AQ-20 设备绑定失败 历史工单,环境传感器,AQ-20,E206,设备绑定失败,"客户反馈 AQ-20 设备绑定失败，平台记录错误码 E206，现场已尝试重启但未完全恢复。
解决方案：工程师按标准流程确认 SN/IMEI 未被占用、租户信息正确、二维码未过期，并核对日志中的 E206 记录。处理后观察两个心跳周期，数据恢复正常。
建议动作：建议转人工并收集日志"
TCK-2026-0126,历史工单,VB-100 电压数据异常 历史工单,振动监测,VB-100,E301,电压数据异常,"客户反馈 VB-100 电压数据异常，平台记录错误码 E301，现场已尝试重启但未完全恢复。
解决方案：工程师按标准流程核对互感器方向、倍率参数、接线相序和采样通道，并核对日志中的 E301 记录。处理后观察两个心跳周期，数据恢复正常。
建议动作：直接指导客户排查"
TCK-2026-0127,历史工单,VB-300 温度数据漂移 历史工单,振动监测,VB-300,E304,温度数据漂移,"客户反馈 VB-300 温度数据漂移，平台记录错误码 E304，现场已尝试重启但未完全恢复。
解决方案：工程师按标准流程检查安装位置、校准日期、补偿参数和传感器老化情况，并核对日志中的 E304 记录。处理后观察两个心跳周期，数据恢复正常。
建议动作：直接指导客户排查"
TCK-2026-0128,历史工单,PM-80 振动阈值误报 历史工单,电力采集,PM-80,E307,振动阈值误报,"客户反馈 PM-80 振动阈值误报，平台记录错误码 E307，现场已尝试重启但未完全恢复。
解决方案：工程师按标准流程检查安装底座、阈值模板、采样频率和设备工况变化，并核对日志中的 E307 记录。处理后观察两个心跳周期，数据恢复正常。
建议动作：直接指导客户排查"
TCK-2026-0129,历史工单,PM-200 平台告警延迟 历史工单,电力采集,PM-200,E402,平台告警延迟,"客户反馈 PM-200 平台告警延迟，平台记录错误码 E402，现场已尝试重启但未完全恢复。
解决方案：工程师按标准流程检查上报频率、消息队列积压、规则引擎状态和网络延迟，并核对日志中的 E402 记录。处理后观察两个心跳周期，数据恢复正常。
建议动作：直接指导客户排查"
TCK-2026-0130,历史工单,GW-100 设备离线 历史工单,工业网关,GW-100,E101,设备离线,"客户反馈 GW-100 设备离线，平台记录错误码 E101，现场已尝试重启但未完全恢复。
解决方案：工程师按标准流程检查供电、网络、SIM 卡余额、MQTT Broker 地址和最近心跳时间，并核对日志中的 E101 记录。处理后观察两个心跳周期，数据恢复正常。
建议动作：建议转人工并收集日志"
TCK-2026-0131,历史工单,GW-200 MQTT 连接超时 历史工单,工业网关,GW-200,E104,MQTT 连接超时,"客户反馈 GW-200 MQTT 连接超时，平台记录错误码 E104，现场已尝试重启但未完全恢复。
解决方案：工程师按标准流程核对 Broker 域名、端口、TLS 证书、设备三元组和防火墙策略，并核对日志中的 E104 记录。处理后观察两个心跳周期，数据恢复正常。
建议动作：直接指导客户排查"
TCK-2026-0132,历史工单,GW-500 固件升级失败 历史工单,工业网关,GW-500,E107,固件升级失败,"客户反馈 GW-500 固件升级失败，平台记录错误码 E107，现场已尝试重启但未完全恢复。
解决方案：工程师按标准流程确认固件包型号匹配、电量充足、升级窗口稳定且断点续传可用，并核对日志中的 E107 记录。处理后观察两个心跳周期，数据恢复正常。
建议动作：直接指导客户排查"
TCK-2026-0133,历史工单,TH-10 传感器采样异常 历史工单,环境传感器,TH-10,E110,传感器采样异常,"客户反馈 TH-10 传感器采样异常，平台记录错误码 E110，现场已尝试重启但未完全恢复。
解决方案：工程师按标准流程检查采样周期、探头接线、量程配置、校准系数和环境干扰，并核对日志中的 E110 记录。处理后观察两个心跳周期，数据恢复正常。
建议动作：直接指导客户排查"
TCK-2026-0134,历史工单,TH-30 网关心跳丢失 历史工单,环境传感器,TH-30,E203,网关心跳丢失,"客户反馈 TH-30 网关心跳丢失，平台记录错误码 E203，现场已尝试重启但未完全恢复。
解决方案：工程师按标准流程查看心跳间隔、NTP 时间、弱网重连日志和平台接入状态，并核对日志中的 E203 记录。处理后观察两个心跳周期，数据恢复正常。
建议动作：直接指导客户排查"
TCK-2026-0135,历史工单,AQ-20 设备绑定失败 历史工单,环境传感器,AQ-20,E206,设备绑定失败,"客户反馈 AQ-20 设备绑定失败，平台记录错误码 E206，现场已尝试重启但未完全恢复。
解决方案：工程师按标准流程确认 SN/IMEI 未被占用、租户信息正确、二维码未过期，并核对日志中的 E206 记录。处理后观察两个心跳周期，数据恢复正常。
建议动作：建议转人工并收集日志"
TCK-2026-0136,历史工单,VB-100 电压数据异常 历史工单,振动监测,VB-100,E301,电压数据异常,"客户反馈 VB-100 电压数据异常，平台记录错误码 E301，现场已尝试重启但未完全恢复。
解决方案：工程师按标准流程核对互感器方向、倍率参数、接线相序和采样通道，并核对日志中的 E301 记录。处理后观察两个心跳周期，数据恢复正常。
建议动作：直接指导客户排查"
TCK-2026-0137,历史工单,VB-300 温度数据漂移 历史工单,振动监测,VB-300,E304,温度数据漂移,"客户反馈 VB-300 温度数据漂移，平台记录错误码 E304，现场已尝试重启但未完全恢复。
解决方案：工程师按标准流程检查安装位置、校准日期、补偿参数和传感器老化情况，并核对日志中的 E304 记录。处理后观察两个心跳周期，数据恢复正常。
建议动作：直接指导客户排查"
TCK-2026-0138,历史工单,PM-80 振动阈值误报 历史工单,电力采集,PM-80,E307,振动阈值误报,"客户反馈 PM-80 振动阈值误报，平台记录错误码 E307，现场已尝试重启但未完全恢复。
解决方案：工程师按标准流程检查安装底座、阈值模板、采样频率和设备工况变化，并核对日志中的 E307 记录。处理后观察两个心跳周期，数据恢复正常。
建议动作：直接指导客户排查"
TCK-2026-0139,历史工单,PM-200 平台告警延迟 历史工单,电力采集,PM-200,E402,平台告警延迟,"客户反馈 PM-200 平台告警延迟，平台记录错误码 E402，现场已尝试重启但未完全恢复。
解决方案：工程师按标准流程检查上报频率、消息队列积压、规则引擎状态和网络延迟，并核对日志中的 E402 记录。处理后观察两个心跳周期，数据恢复正常。
建议动作：直接指导客户排查"
TCK-2026-0140,历史工单,GW-100 设备离线 历史工单,工业网关,GW-100,E101,设备离线,"客户反馈 GW-100 设备离线，平台记录错误码 E101，现场已尝试重启但未完全恢复。
解决方案：工程师按标准流程检查供电、网络、SIM 卡余额、MQTT Broker 地址和最近心跳时间，并核对日志中的 E101 记录。处理后观察两个心跳周期，数据恢复正常。
建议动作：建议转人工并收集日志"
TCK-2026-0141,历史工单,GW-200 MQTT 连接超时 历史工单,工业网关,GW-200,E104,MQTT 连接超时,"客户反馈 GW-200 MQTT 连接超时，平台记录错误码 E104，现场已尝试重启但未完全恢复。
解决方案：工程师按标准流程核对 Broker 域名、端口、TLS 证书、设备三元组和防火墙策略，并核对日志中的 E104 记录。处理后观察两个心跳周期，数据恢复正常。
建议动作：直接指导客户排查"
TCK-2026-0142,历史工单,GW-500 固件升级失败 历史工单,工业网关,GW-500,E107,固件升级失败,"客户反馈 GW-500 固件升级失败，平台记录错误码 E107，现场已尝试重启但未完全恢复。
解决方案：工程师按标准流程确认固件包型号匹配、电量充足、升级窗口稳定且断点续传可用，并核对日志中的 E107 记录。处理后观察两个心跳周期，数据恢复正常。
建议动作：直接指导客户排查"
TCK-2026-0143,历史工单,TH-10 传感器采样异常 历史工单,环境传感器,TH-10,E110,传感器采样异常,"客户反馈 TH-10 传感器采样异常，平台记录错误码 E110，现场已尝试重启但未完全恢复。
解决方案：工程师按标准流程检查采样周期、探头接线、量程配置、校准系数和环境干扰，并核对日志中的 E110 记录。处理后观察两个心跳周期，数据恢复正常。
建议动作：直接指导客户排查"
TCK-2026-0144,历史工单,TH-30 网关心跳丢失 历史工单,环境传感器,TH-30,E203,网关心跳丢失,"客户反馈 TH-30 网关心跳丢失，平台记录错误码 E203，现场已尝试重启但未完全恢复。
解决方案：工程师按标准流程查看心跳间隔、NTP 时间、弱网重连日志和平台接入状态，并核对日志中的 E203 记录。处理后观察两个心跳周期，数据恢复正常。
建议动作：直接指导客户排查"
TCK-2026-0145,历史工单,AQ-20 设备绑定失败 历史工单,环境传感器,AQ-20,E206,设备绑定失败,"客户反馈 AQ-20 设备绑定失败，平台记录错误码 E206，现场已尝试重启但未完全恢复。
解决方案：工程师按标准流程确认 SN/IMEI 未被占用、租户信息正确、二维码未过期，并核对日志中的 E206 记录。处理后观察两个心跳周期，数据恢复正常。
建议动作：建议转人工并收集日志"
TCK-2026-0146,历史工单,VB-100 电压数据异常 历史工单,振动监测,VB-100,E301,电压数据异常,"客户反馈 VB-100 电压数据异常，平台记录错误码 E301，现场已尝试重启但未完全恢复。
解决方案：工程师按标准流程核对互感器方向、倍率参数、接线相序和采样通道，并核对日志中的 E301 记录。处理后观察两个心跳周期，数据恢复正常。
建议动作：直接指导客户排查"
TCK-2026-0147,历史工单,VB-300 温度数据漂移 历史工单,振动监测,VB-300,E304,温度数据漂移,"客户反馈 VB-300 温度数据漂移，平台记录错误码 E304，现场已尝试重启但未完全恢复。
解决方案：工程师按标准流程检查安装位置、校准日期、补偿参数和传感器老化情况，并核对日志中的 E304 记录。处理后观察两个心跳周期，数据恢复正常。
建议动作：直接指导客户排查"
TCK-2026-0148,历史工单,PM-80 振动阈值误报 历史工单,电力采集,PM-80,E307,振动阈值误报,"客户反馈 PM-80 振动阈值误报，平台记录错误码 E307，现场已尝试重启但未完全恢复。
解决方案：工程师按标准流程检查安装底座、阈值模板、采样频率和设备工况变化，并核对日志中的 E307 记录。处理后观察两个心跳周期，数据恢复正常。
建议动作：直接指导客户排查"
TCK-2026-0149,历史工单,PM-200 平台告警延迟 历史工单,电力采集,PM-200,E402,平台告警延迟,"客户反馈 PM-200 平台告警延迟，平台记录错误码 E402，现场已尝试重启但未完全恢复。
解决方案：工程师按标准流程检查上报频率、消息队列积压、规则引擎状态和网络延迟，并核对日志中的 E402 记录。处理后观察两个心跳周期，数据恢复正常。
建议动作：直接指导客户排查"
TCK-2026-0150,历史工单,GW-100 设备离线 历史工单,工业网关,GW-100,E101,设备离线,"客户反馈 GW-100 设备离线，平台记录错误码 E101，现场已尝试重启但未完全恢复。
解决方案：工程师按标准流程检查供电、网络、SIM 卡余额、MQTT Broker 地址和最近心跳时间，并核对日志中的 E101 记录。处理后观察两个心跳周期，数据恢复正常。
建议动作：建议转人工并收集日志"
TCK-2026-0151,历史工单,GW-200 MQTT 连接超时 历史工单,工业网关,GW-200,E104,MQTT 连接超时,"客户反馈 GW-200 MQTT 连接超时，平台记录错误码 E104，现场已尝试重启但未完全恢复。
解决方案：工程师按标准流程核对 Broker 域名、端口、TLS 证书、设备三元组和防火墙策略，并核对日志中的 E104 记录。处理后观察两个心跳周期，数据恢复正常。
建议动作：直接指导客户排查"
TCK-2026-0152,历史工单,GW-500 固件升级失败 历史工单,工业网关,GW-500,E107,固件升级失败,"客户反馈 GW-500 固件升级失败，平台记录错误码 E107，现场已尝试重启但未完全恢复。
解决方案：工程师按标准流程确认固件包型号匹配、电量充足、升级窗口稳定且断点续传可用，并核对日志中的 E107 记录。处理后观察两个心跳周期，数据恢复正常。
建议动作：直接指导客户排查"
TCK-2026-0153,历史工单,TH-10 传感器采样异常 历史工单,环境传感器,TH-10,E110,传感器采样异常,"客户反馈 TH-10 传感器采样异常，平台记录错误码 E110，现场已尝试重启但未完全恢复。
解决方案：工程师按标准流程检查采样周期、探头接线、量程配置、校准系数和环境干扰，并核对日志中的 E110 记录。处理后观察两个心跳周期，数据恢复正常。
建议动作：直接指导客户排查"
TCK-2026-0154,历史工单,TH-30 网关心跳丢失 历史工单,环境传感器,TH-30,E203,网关心跳丢失,"客户反馈 TH-30 网关心跳丢失，平台记录错误码 E203，现场已尝试重启但未完全恢复。
解决方案：工程师按标准流程查看心跳间隔、NTP 时间、弱网重连日志和平台接入状态，并核对日志中的 E203 记录。处理后观察两个心跳周期，数据恢复正常。
建议动作：直接指导客户排查"
TCK-2026-0155,历史工单,AQ-20 设备绑定失败 历史工单,环境传感器,AQ-20,E206,设备绑定失败,"客户反馈 AQ-20 设备绑定失败，平台记录错误码 E206，现场已尝试重启但未完全恢复。
解决方案：工程师按标准流程确认 SN/IMEI 未被占用、租户信息正确、二维码未过期，并核对日志中的 E206 记录。处理后观察两个心跳周期，数据恢复正常。
建议动作：建议转人工并收集日志"
TCK-2026-0156,历史工单,VB-100 电压数据异常 历史工单,振动监测,VB-100,E301,电压数据异常,"客户反馈 VB-100 电压数据异常，平台记录错误码 E301，现场已尝试重启但未完全恢复。
解决方案：工程师按标准流程核对互感器方向、倍率参数、接线相序和采样通道，并核对日志中的 E301 记录。处理后观察两个心跳周期，数据恢复正常。
建议动作：直接指导客户排查"
TCK-2026-0157,历史工单,VB-300 温度数据漂移 历史工单,振动监测,VB-300,E304,温度数据漂移,"客户反馈 VB-300 温度数据漂移，平台记录错误码 E304，现场已尝试重启但未完全恢复。
解决方案：工程师按标准流程检查安装位置、校准日期、补偿参数和传感器老化情况，并核对日志中的 E304 记录。处理后观察两个心跳周期，数据恢复正常。
建议动作：直接指导客户排查"
TCK-2026-0158,历史工单,PM-80 振动阈值误报 历史工单,电力采集,PM-80,E307,振动阈值误报,"客户反馈 PM-80 振动阈值误报，平台记录错误码 E307，现场已尝试重启但未完全恢复。
解决方案：工程师按标准流程检查安装底座、阈值模板、采样频率和设备工况变化，并核对日志中的 E307 记录。处理后观察两个心跳周期，数据恢复正常。
建议动作：直接指导客户排查"
TCK-2026-0159,历史工单,PM-200 平台告警延迟 历史工单,电力采集,PM-200,E402,平台告警延迟,"客户反馈 PM-200 平台告警延迟，平台记录错误码 E402，现场已尝试重启但未完全恢复。
解决方案：工程师按标准流程检查上报频率、消息队列积压、规则引擎状态和网络延迟，并核对日志中的 E402 记录。处理后观察两个心跳周期，数据恢复正常。
建议动作：直接指导客户排查"
TCK-2026-0160,历史工单,GW-100 设备离线 历史工单,工业网关,GW-100,E101,设备离线,"客户反馈 GW-100 设备离线，平台记录错误码 E101，现场已尝试重启但未完全恢复。
解决方案：工程师按标准流程检查供电、网络、SIM 卡余额、MQTT Broker 地址和最近心跳时间，并核对日志中的 E101 记录。处理后观察两个心跳周期，数据恢复正常。
建议动作：建议转人工并收集日志"
TCK-2026-0161,历史工单,GW-200 MQTT 连接超时 历史工单,工业网关,GW-200,E104,MQTT 连接超时,"客户反馈 GW-200 MQTT 连接超时，平台记录错误码 E104，现场已尝试重启但未完全恢复。
解决方案：工程师按标准流程核对 Broker 域名、端口、TLS 证书、设备三元组和防火墙策略，并核对日志中的 E104 记录。处理后观察两个心跳周期，数据恢复正常。
建议动作：直接指导客户排查"
TCK-2026-0162,历史工单,GW-500 固件升级失败 历史工单,工业网关,GW-500,E107,固件升级失败,"客户反馈 GW-500 固件升级失败，平台记录错误码 E107，现场已尝试重启但未完全恢复。
解决方案：工程师按标准流程确认固件包型号匹配、电量充足、升级窗口稳定且断点续传可用，并核对日志中的 E107 记录。处理后观察两个心跳周期，数据恢复正常。
建议动作：直接指导客户排查"
TCK-2026-0163,历史工单,TH-10 传感器采样异常 历史工单,环境传感器,TH-10,E110,传感器采样异常,"客户反馈 TH-10 传感器采样异常，平台记录错误码 E110，现场已尝试重启但未完全恢复。
解决方案：工程师按标准流程检查采样周期、探头接线、量程配置、校准系数和环境干扰，并核对日志中的 E110 记录。处理后观察两个心跳周期，数据恢复正常。
建议动作：直接指导客户排查"
TCK-2026-0164,历史工单,TH-30 网关心跳丢失 历史工单,环境传感器,TH-30,E203,网关心跳丢失,"客户反馈 TH-30 网关心跳丢失，平台记录错误码 E203，现场已尝试重启但未完全恢复。
解决方案：工程师按标准流程查看心跳间隔、NTP 时间、弱网重连日志和平台接入状态，并核对日志中的 E203 记录。处理后观察两个心跳周期，数据恢复正常。
建议动作：直接指导客户排查"
TCK-2026-0165,历史工单,AQ-20 设备绑定失败 历史工单,环境传感器,AQ-20,E206,设备绑定失败,"客户反馈 AQ-20 设备绑定失败，平台记录错误码 E206，现场已尝试重启但未完全恢复。
解决方案：工程师按标准流程确认 SN/IMEI 未被占用、租户信息正确、二维码未过期，并核对日志中的 E206 记录。处理后观察两个心跳周期，数据恢复正常。
建议动作：建议转人工并收集日志"
TCK-2026-0166,历史工单,VB-100 电压数据异常 历史工单,振动监测,VB-100,E301,电压数据异常,"客户反馈 VB-100 电压数据异常，平台记录错误码 E301，现场已尝试重启但未完全恢复。
解决方案：工程师按标准流程核对互感器方向、倍率参数、接线相序和采样通道，并核对日志中的 E301 记录。处理后观察两个心跳周期，数据恢复正常。
建议动作：直接指导客户排查"
TCK-2026-0167,历史工单,VB-300 温度数据漂移 历史工单,振动监测,VB-300,E304,温度数据漂移,"客户反馈 VB-300 温度数据漂移，平台记录错误码 E304，现场已尝试重启但未完全恢复。
解决方案：工程师按标准流程检查安装位置、校准日期、补偿参数和传感器老化情况，并核对日志中的 E304 记录。处理后观察两个心跳周期，数据恢复正常。
建议动作：直接指导客户排查"
TCK-2026-0168,历史工单,PM-80 振动阈值误报 历史工单,电力采集,PM-80,E307,振动阈值误报,"客户反馈 PM-80 振动阈值误报，平台记录错误码 E307，现场已尝试重启但未完全恢复。
解决方案：工程师按标准流程检查安装底座、阈值模板、采样频率和设备工况变化，并核对日志中的 E307 记录。处理后观察两个心跳周期，数据恢复正常。
建议动作：直接指导客户排查"
TCK-2026-0169,历史工单,PM-200 平台告警延迟 历史工单,电力采集,PM-200,E402,平台告警延迟,"客户反馈 PM-200 平台告警延迟，平台记录错误码 E402，现场已尝试重启但未完全恢复。
解决方案：工程师按标准流程检查上报频率、消息队列积压、规则引擎状态和网络延迟，并核对日志中的 E402 记录。处理后观察两个心跳周期，数据恢复正常。
建议动作：直接指导客户排查"
TCK-2026-0170,历史工单,GW-100 设备离线 历史工单,工业网关,GW-100,E101,设备离线,"客户反馈 GW-100 设备离线，平台记录错误码 E101，现场已尝试重启但未完全恢复。
解决方案：工程师按标准流程检查供电、网络、SIM 卡余额、MQTT Broker 地址和最近心跳时间，并核对日志中的 E101 记录。处理后观察两个心跳周期，数据恢复正常。
建议动作：建议转人工并收集日志"
TCK-2026-0171,历史工单,GW-200 MQTT 连接超时 历史工单,工业网关,GW-200,E104,MQTT 连接超时,"客户反馈 GW-200 MQTT 连接超时，平台记录错误码 E104，现场已尝试重启但未完全恢复。
解决方案：工程师按标准流程核对 Broker 域名、端口、TLS 证书、设备三元组和防火墙策略，并核对日志中的 E104 记录。处理后观察两个心跳周期，数据恢复正常。
建议动作：直接指导客户排查"
TCK-2026-0172,历史工单,GW-500 固件升级失败 历史工单,工业网关,GW-500,E107,固件升级失败,"客户反馈 GW-500 固件升级失败，平台记录错误码 E107，现场已尝试重启但未完全恢复。
解决方案：工程师按标准流程确认固件包型号匹配、电量充足、升级窗口稳定且断点续传可用，并核对日志中的 E107 记录。处理后观察两个心跳周期，数据恢复正常。
建议动作：直接指导客户排查"
TCK-2026-0173,历史工单,TH-10 传感器采样异常 历史工单,环境传感器,TH-10,E110,传感器采样异常,"客户反馈 TH-10 传感器采样异常，平台记录错误码 E110，现场已尝试重启但未完全恢复。
解决方案：工程师按标准流程检查采样周期、探头接线、量程配置、校准系数和环境干扰，并核对日志中的 E110 记录。处理后观察两个心跳周期，数据恢复正常。
建议动作：直接指导客户排查"
TCK-2026-0174,历史工单,TH-30 网关心跳丢失 历史工单,环境传感器,TH-30,E203,网关心跳丢失,"客户反馈 TH-30 网关心跳丢失，平台记录错误码 E203，现场已尝试重启但未完全恢复。
解决方案：工程师按标准流程查看心跳间隔、NTP 时间、弱网重连日志和平台接入状态，并核对日志中的 E203 记录。处理后观察两个心跳周期，数据恢复正常。
建议动作：直接指导客户排查"
TCK-2026-0175,历史工单,AQ-20 设备绑定失败 历史工单,环境传感器,AQ-20,E206,设备绑定失败,"客户反馈 AQ-20 设备绑定失败，平台记录错误码 E206，现场已尝试重启但未完全恢复。
解决方案：工程师按标准流程确认 SN/IMEI 未被占用、租户信息正确、二维码未过期，并核对日志中的 E206 记录。处理后观察两个心跳周期，数据恢复正常。
建议动作：建议转人工并收集日志"
TCK-2026-0176,历史工单,VB-100 电压数据异常 历史工单,振动监测,VB-100,E301,电压数据异常,"客户反馈 VB-100 电压数据异常，平台记录错误码 E301，现场已尝试重启但未完全恢复。
解决方案：工程师按标准流程核对互感器方向、倍率参数、接线相序和采样通道，并核对日志中的 E301 记录。处理后观察两个心跳周期，数据恢复正常。
建议动作：直接指导客户排查"
TCK-2026-0177,历史工单,VB-300 温度数据漂移 历史工单,振动监测,VB-300,E304,温度数据漂移,"客户反馈 VB-300 温度数据漂移，平台记录错误码 E304，现场已尝试重启但未完全恢复。
解决方案：工程师按标准流程检查安装位置、校准日期、补偿参数和传感器老化情况，并核对日志中的 E304 记录。处理后观察两个心跳周期，数据恢复正常。
建议动作：直接指导客户排查"
TCK-2026-0178,历史工单,PM-80 振动阈值误报 历史工单,电力采集,PM-80,E307,振动阈值误报,"客户反馈 PM-80 振动阈值误报，平台记录错误码 E307，现场已尝试重启但未完全恢复。
解决方案：工程师按标准流程检查安装底座、阈值模板、采样频率和设备工况变化，并核对日志中的 E307 记录。处理后观察两个心跳周期，数据恢复正常。
建议动作：直接指导客户排查"
TCK-2026-0179,历史工单,PM-200 平台告警延迟 历史工单,电力采集,PM-200,E402,平台告警延迟,"客户反馈 PM-200 平台告警延迟，平台记录错误码 E402，现场已尝试重启但未完全恢复。
解决方案：工程师按标准流程检查上报频率、消息队列积压、规则引擎状态和网络延迟，并核对日志中的 E402 记录。处理后观察两个心跳周期，数据恢复正常。
建议动作：直接指导客户排查"
TCK-2026-0180,历史工单,GW-100 设备离线 历史工单,工业网关,GW-100,E101,设备离线,"客户反馈 GW-100 设备离线，平台记录错误码 E101，现场已尝试重启但未完全恢复。
解决方案：工程师按标准流程检查供电、网络、SIM 卡余额、MQTT Broker 地址和最近心跳时间，并核对日志中的 E101 记录。处理后观察两个心跳周期，数据恢复正常。
建议动作：建议转人工并收集日志"
TCK-2026-0181,历史工单,GW-200 MQTT 连接超时 历史工单,工业网关,GW-200,E104,MQTT 连接超时,"客户反馈 GW-200 MQTT 连接超时，平台记录错误码 E104，现场已尝试重启但未完全恢复。
解决方案：工程师按标准流程核对 Broker 域名、端口、TLS 证书、设备三元组和防火墙策略，并核对日志中的 E104 记录。处理后观察两个心跳周期，数据恢复正常。
建议动作：直接指导客户排查"
TCK-2026-0182,历史工单,GW-500 固件升级失败 历史工单,工业网关,GW-500,E107,固件升级失败,"客户反馈 GW-500 固件升级失败，平台记录错误码 E107，现场已尝试重启但未完全恢复。
解决方案：工程师按标准流程确认固件包型号匹配、电量充足、升级窗口稳定且断点续传可用，并核对日志中的 E107 记录。处理后观察两个心跳周期，数据恢复正常。
建议动作：直接指导客户排查"
TCK-2026-0183,历史工单,TH-10 传感器采样异常 历史工单,环境传感器,TH-10,E110,传感器采样异常,"客户反馈 TH-10 传感器采样异常，平台记录错误码 E110，现场已尝试重启但未完全恢复。
解决方案：工程师按标准流程检查采样周期、探头接线、量程配置、校准系数和环境干扰，并核对日志中的 E110 记录。处理后观察两个心跳周期，数据恢复正常。
建议动作：直接指导客户排查"
TCK-2026-0184,历史工单,TH-30 网关心跳丢失 历史工单,环境传感器,TH-30,E203,网关心跳丢失,"客户反馈 TH-30 网关心跳丢失，平台记录错误码 E203，现场已尝试重启但未完全恢复。
解决方案：工程师按标准流程查看心跳间隔、NTP 时间、弱网重连日志和平台接入状态，并核对日志中的 E203 记录。处理后观察两个心跳周期，数据恢复正常。
建议动作：直接指导客户排查"
TCK-2026-0185,历史工单,AQ-20 设备绑定失败 历史工单,环境传感器,AQ-20,E206,设备绑定失败,"客户反馈 AQ-20 设备绑定失败，平台记录错误码 E206，现场已尝试重启但未完全恢复。
解决方案：工程师按标准流程确认 SN/IMEI 未被占用、租户信息正确、二维码未过期，并核对日志中的 E206 记录。处理后观察两个心跳周期，数据恢复正常。
建议动作：建议转人工并收集日志"
TCK-2026-0186,历史工单,VB-100 电压数据异常 历史工单,振动监测,VB-100,E301,电压数据异常,"客户反馈 VB-100 电压数据异常，平台记录错误码 E301，现场已尝试重启但未完全恢复。
解决方案：工程师按标准流程核对互感器方向、倍率参数、接线相序和采样通道，并核对日志中的 E301 记录。处理后观察两个心跳周期，数据恢复正常。
建议动作：直接指导客户排查"
TCK-2026-0187,历史工单,VB-300 温度数据漂移 历史工单,振动监测,VB-300,E304,温度数据漂移,"客户反馈 VB-300 温度数据漂移，平台记录错误码 E304，现场已尝试重启但未完全恢复。
解决方案：工程师按标准流程检查安装位置、校准日期、补偿参数和传感器老化情况，并核对日志中的 E304 记录。处理后观察两个心跳周期，数据恢复正常。
建议动作：直接指导客户排查"
TCK-2026-0188,历史工单,PM-80 振动阈值误报 历史工单,电力采集,PM-80,E307,振动阈值误报,"客户反馈 PM-80 振动阈值误报，平台记录错误码 E307，现场已尝试重启但未完全恢复。
解决方案：工程师按标准流程检查安装底座、阈值模板、采样频率和设备工况变化，并核对日志中的 E307 记录。处理后观察两个心跳周期，数据恢复正常。
建议动作：直接指导客户排查"
TCK-2026-0189,历史工单,PM-200 平台告警延迟 历史工单,电力采集,PM-200,E402,平台告警延迟,"客户反馈 PM-200 平台告警延迟，平台记录错误码 E402，现场已尝试重启但未完全恢复。
解决方案：工程师按标准流程检查上报频率、消息队列积压、规则引擎状态和网络延迟，并核对日志中的 E402 记录。处理后观察两个心跳周期，数据恢复正常。
建议动作：直接指导客户排查"
TCK-2026-0190,历史工单,GW-100 设备离线 历史工单,工业网关,GW-100,E101,设备离线,"客户反馈 GW-100 设备离线，平台记录错误码 E101，现场已尝试重启但未完全恢复。
解决方案：工程师按标准流程检查供电、网络、SIM 卡余额、MQTT Broker 地址和最近心跳时间，并核对日志中的 E101 记录。处理后观察两个心跳周期，数据恢复正常。
建议动作：建议转人工并收集日志"
TCK-2026-0191,历史工单,GW-200 MQTT 连接超时 历史工单,工业网关,GW-200,E104,MQTT 连接超时,"客户反馈 GW-200 MQTT 连接超时，平台记录错误码 E104，现场已尝试重启但未完全恢复。
解决方案：工程师按标准流程核对 Broker 域名、端口、TLS 证书、设备三元组和防火墙策略，并核对日志中的 E104 记录。处理后观察两个心跳周期，数据恢复正常。
建议动作：直接指导客户排查"
TCK-2026-0192,历史工单,GW-500 固件升级失败 历史工单,工业网关,GW-500,E107,固件升级失败,"客户反馈 GW-500 固件升级失败，平台记录错误码 E107，现场已尝试重启但未完全恢复。
解决方案：工程师按标准流程确认固件包型号匹配、电量充足、升级窗口稳定且断点续传可用，并核对日志中的 E107 记录。处理后观察两个心跳周期，数据恢复正常。
建议动作：直接指导客户排查"
TCK-2026-0193,历史工单,TH-10 传感器采样异常 历史工单,环境传感器,TH-10,E110,传感器采样异常,"客户反馈 TH-10 传感器采样异常，平台记录错误码 E110，现场已尝试重启但未完全恢复。
解决方案：工程师按标准流程检查采样周期、探头接线、量程配置、校准系数和环境干扰，并核对日志中的 E110 记录。处理后观察两个心跳周期，数据恢复正常。
建议动作：直接指导客户排查"
TCK-2026-0194,历史工单,TH-30 网关心跳丢失 历史工单,环境传感器,TH-30,E203,网关心跳丢失,"客户反馈 TH-30 网关心跳丢失，平台记录错误码 E203，现场已尝试重启但未完全恢复。
解决方案：工程师按标准流程查看心跳间隔、NTP 时间、弱网重连日志和平台接入状态，并核对日志中的 E203 记录。处理后观察两个心跳周期，数据恢复正常。
建议动作：直接指导客户排查"
TCK-2026-0195,历史工单,AQ-20 设备绑定失败 历史工单,环境传感器,AQ-20,E206,设备绑定失败,"客户反馈 AQ-20 设备绑定失败，平台记录错误码 E206，现场已尝试重启但未完全恢复。
解决方案：工程师按标准流程确认 SN/IMEI 未被占用、租户信息正确、二维码未过期，并核对日志中的 E206 记录。处理后观察两个心跳周期，数据恢复正常。
建议动作：建议转人工并收集日志"
TCK-2026-0196,历史工单,VB-100 电压数据异常 历史工单,振动监测,VB-100,E301,电压数据异常,"客户反馈 VB-100 电压数据异常，平台记录错误码 E301，现场已尝试重启但未完全恢复。
解决方案：工程师按标准流程核对互感器方向、倍率参数、接线相序和采样通道，并核对日志中的 E301 记录。处理后观察两个心跳周期，数据恢复正常。
建议动作：直接指导客户排查"
TCK-2026-0197,历史工单,VB-300 温度数据漂移 历史工单,振动监测,VB-300,E304,温度数据漂移,"客户反馈 VB-300 温度数据漂移，平台记录错误码 E304，现场已尝试重启但未完全恢复。
解决方案：工程师按标准流程检查安装位置、校准日期、补偿参数和传感器老化情况，并核对日志中的 E304 记录。处理后观察两个心跳周期，数据恢复正常。
建议动作：直接指导客户排查"
TCK-2026-0198,历史工单,PM-80 振动阈值误报 历史工单,电力采集,PM-80,E307,振动阈值误报,"客户反馈 PM-80 振动阈值误报，平台记录错误码 E307，现场已尝试重启但未完全恢复。
解决方案：工程师按标准流程检查安装底座、阈值模板、采样频率和设备工况变化，并核对日志中的 E307 记录。处理后观察两个心跳周期，数据恢复正常。
建议动作：直接指导客户排查"
TCK-2026-0199,历史工单,PM-200 平台告警延迟 历史工单,电力采集,PM-200,E402,平台告警延迟,"客户反馈 PM-200 平台告警延迟，平台记录错误码 E402，现场已尝试重启但未完全恢复。
解决方案：工程师按标准流程检查上报频率、消息队列积压、规则引擎状态和网络延迟，并核对日志中的 E402 记录。处理后观察两个心跳周期，数据恢复正常。
建议动作：直接指导客户排查"
TCK-2026-0200,历史工单,GW-100 设备离线 历史工单,工业网关,GW-100,E101,设备离线,"客户反馈 GW-100 设备离线，平台记录错误码 E101，现场已尝试重启但未完全恢复。
解决方案：工程师按标准流程检查供电、网络、SIM 卡余额、MQTT Broker 地址和最近心跳时间，并核对日志中的 E101 记录。处理后观察两个心跳周期，数据恢复正常。
建议动作：建议转人工并收集日志"
TCK-2026-0201,历史工单,GW-200 MQTT 连接超时 历史工单,工业网关,GW-200,E104,MQTT 连接超时,"客户反馈 GW-200 MQTT 连接超时，平台记录错误码 E104，现场已尝试重启但未完全恢复。
解决方案：工程师按标准流程核对 Broker 域名、端口、TLS 证书、设备三元组和防火墙策略，并核对日志中的 E104 记录。处理后观察两个心跳周期，数据恢复正常。
建议动作：直接指导客户排查"
TCK-2026-0202,历史工单,GW-500 固件升级失败 历史工单,工业网关,GW-500,E107,固件升级失败,"客户反馈 GW-500 固件升级失败，平台记录错误码 E107，现场已尝试重启但未完全恢复。
解决方案：工程师按标准流程确认固件包型号匹配、电量充足、升级窗口稳定且断点续传可用，并核对日志中的 E107 记录。处理后观察两个心跳周期，数据恢复正常。
建议动作：直接指导客户排查"
TCK-2026-0203,历史工单,TH-10 传感器采样异常 历史工单,环境传感器,TH-10,E110,传感器采样异常,"客户反馈 TH-10 传感器采样异常，平台记录错误码 E110，现场已尝试重启但未完全恢复。
解决方案：工程师按标准流程检查采样周期、探头接线、量程配置、校准系数和环境干扰，并核对日志中的 E110 记录。处理后观察两个心跳周期，数据恢复正常。
建议动作：直接指导客户排查"
TCK-2026-0204,历史工单,TH-30 网关心跳丢失 历史工单,环境传感器,TH-30,E203,网关心跳丢失,"客户反馈 TH-30 网关心跳丢失，平台记录错误码 E203，现场已尝试重启但未完全恢复。
解决方案：工程师按标准流程查看心跳间隔、NTP 时间、弱网重连日志和平台接入状态，并核对日志中的 E203 记录。处理后观察两个心跳周期，数据恢复正常。
建议动作：直接指导客户排查"
TCK-2026-0205,历史工单,AQ-20 设备绑定失败 历史工单,环境传感器,AQ-20,E206,设备绑定失败,"客户反馈 AQ-20 设备绑定失败，平台记录错误码 E206，现场已尝试重启但未完全恢复。
解决方案：工程师按标准流程确认 SN/IMEI 未被占用、租户信息正确、二维码未过期，并核对日志中的 E206 记录。处理后观察两个心跳周期，数据恢复正常。
建议动作：建议转人工并收集日志"
TCK-2026-0206,历史工单,VB-100 电压数据异常 历史工单,振动监测,VB-100,E301,电压数据异常,"客户反馈 VB-100 电压数据异常，平台记录错误码 E301，现场已尝试重启但未完全恢复。
解决方案：工程师按标准流程核对互感器方向、倍率参数、接线相序和采样通道，并核对日志中的 E301 记录。处理后观察两个心跳周期，数据恢复正常。
建议动作：直接指导客户排查"
TCK-2026-0207,历史工单,VB-300 温度数据漂移 历史工单,振动监测,VB-300,E304,温度数据漂移,"客户反馈 VB-300 温度数据漂移，平台记录错误码 E304，现场已尝试重启但未完全恢复。
解决方案：工程师按标准流程检查安装位置、校准日期、补偿参数和传感器老化情况，并核对日志中的 E304 记录。处理后观察两个心跳周期，数据恢复正常。
建议动作：直接指导客户排查"
TCK-2026-0208,历史工单,PM-80 振动阈值误报 历史工单,电力采集,PM-80,E307,振动阈值误报,"客户反馈 PM-80 振动阈值误报，平台记录错误码 E307，现场已尝试重启但未完全恢复。
解决方案：工程师按标准流程检查安装底座、阈值模板、采样频率和设备工况变化，并核对日志中的 E307 记录。处理后观察两个心跳周期，数据恢复正常。
建议动作：直接指导客户排查"
TCK-2026-0209,历史工单,PM-200 平台告警延迟 历史工单,电力采集,PM-200,E402,平台告警延迟,"客户反馈 PM-200 平台告警延迟，平台记录错误码 E402，现场已尝试重启但未完全恢复。
解决方案：工程师按标准流程检查上报频率、消息队列积压、规则引擎状态和网络延迟，并核对日志中的 E402 记录。处理后观察两个心跳周期，数据恢复正常。
建议动作：直接指导客户排查"
TCK-2026-0210,历史工单,GW-100 设备离线 历史工单,工业网关,GW-100,E101,设备离线,"客户反馈 GW-100 设备离线，平台记录错误码 E101，现场已尝试重启但未完全恢复。
解决方案：工程师按标准流程检查供电、网络、SIM 卡余额、MQTT Broker 地址和最近心跳时间，并核对日志中的 E101 记录。处理后观察两个心跳周期，数据恢复正常。
建议动作：建议转人工并收集日志"
TCK-2026-0211,历史工单,GW-200 MQTT 连接超时 历史工单,工业网关,GW-200,E104,MQTT 连接超时,"客户反馈 GW-200 MQTT 连接超时，平台记录错误码 E104，现场已尝试重启但未完全恢复。
解决方案：工程师按标准流程核对 Broker 域名、端口、TLS 证书、设备三元组和防火墙策略，并核对日志中的 E104 记录。处理后观察两个心跳周期，数据恢复正常。
建议动作：直接指导客户排查"
TCK-2026-0212,历史工单,GW-500 固件升级失败 历史工单,工业网关,GW-500,E107,固件升级失败,"客户反馈 GW-500 固件升级失败，平台记录错误码 E107，现场已尝试重启但未完全恢复。
解决方案：工程师按标准流程确认固件包型号匹配、电量充足、升级窗口稳定且断点续传可用，并核对日志中的 E107 记录。处理后观察两个心跳周期，数据恢复正常。
建议动作：直接指导客户排查"
TCK-2026-0213,历史工单,TH-10 传感器采样异常 历史工单,环境传感器,TH-10,E110,传感器采样异常,"客户反馈 TH-10 传感器采样异常，平台记录错误码 E110，现场已尝试重启但未完全恢复。
解决方案：工程师按标准流程检查采样周期、探头接线、量程配置、校准系数和环境干扰，并核对日志中的 E110 记录。处理后观察两个心跳周期，数据恢复正常。
建议动作：直接指导客户排查"
TCK-2026-0214,历史工单,TH-30 网关心跳丢失 历史工单,环境传感器,TH-30,E203,网关心跳丢失,"客户反馈 TH-30 网关心跳丢失，平台记录错误码 E203，现场已尝试重启但未完全恢复。
解决方案：工程师按标准流程查看心跳间隔、NTP 时间、弱网重连日志和平台接入状态，并核对日志中的 E203 记录。处理后观察两个心跳周期，数据恢复正常。
建议动作：直接指导客户排查"
TCK-2026-0215,历史工单,AQ-20 设备绑定失败 历史工单,环境传感器,AQ-20,E206,设备绑定失败,"客户反馈 AQ-20 设备绑定失败，平台记录错误码 E206，现场已尝试重启但未完全恢复。
解决方案：工程师按标准流程确认 SN/IMEI 未被占用、租户信息正确、二维码未过期，并核对日志中的 E206 记录。处理后观察两个心跳周期，数据恢复正常。
建议动作：建议转人工并收集日志"
TCK-2026-0216,历史工单,VB-100 电压数据异常 历史工单,振动监测,VB-100,E301,电压数据异常,"客户反馈 VB-100 电压数据异常，平台记录错误码 E301，现场已尝试重启但未完全恢复。
解决方案：工程师按标准流程核对互感器方向、倍率参数、接线相序和采样通道，并核对日志中的 E301 记录。处理后观察两个心跳周期，数据恢复正常。
建议动作：直接指导客户排查"
TCK-2026-0217,历史工单,VB-300 温度数据漂移 历史工单,振动监测,VB-300,E304,温度数据漂移,"客户反馈 VB-300 温度数据漂移，平台记录错误码 E304，现场已尝试重启但未完全恢复。
解决方案：工程师按标准流程检查安装位置、校准日期、补偿参数和传感器老化情况，并核对日志中的 E304 记录。处理后观察两个心跳周期，数据恢复正常。
建议动作：直接指导客户排查"
TCK-2026-0218,历史工单,PM-80 振动阈值误报 历史工单,电力采集,PM-80,E307,振动阈值误报,"客户反馈 PM-80 振动阈值误报，平台记录错误码 E307，现场已尝试重启但未完全恢复。
解决方案：工程师按标准流程检查安装底座、阈值模板、采样频率和设备工况变化，并核对日志中的 E307 记录。处理后观察两个心跳周期，数据恢复正常。
建议动作：直接指导客户排查"
TCK-2026-0219,历史工单,PM-200 平台告警延迟 历史工单,电力采集,PM-200,E402,平台告警延迟,"客户反馈 PM-200 平台告警延迟，平台记录错误码 E402，现场已尝试重启但未完全恢复。
解决方案：工程师按标准流程检查上报频率、消息队列积压、规则引擎状态和网络延迟，并核对日志中的 E402 记录。处理后观察两个心跳周期，数据恢复正常。
建议动作：直接指导客户排查"
TCK-2026-0220,历史工单,GW-100 设备离线 历史工单,工业网关,GW-100,E101,设备离线,"客户反馈 GW-100 设备离线，平台记录错误码 E101，现场已尝试重启但未完全恢复。
解决方案：工程师按标准流程检查供电、网络、SIM 卡余额、MQTT Broker 地址和最近心跳时间，并核对日志中的 E101 记录。处理后观察两个心跳周期，数据恢复正常。
建议动作：建议转人工并收集日志"
TCK-2026-0221,历史工单,GW-200 MQTT 连接超时 历史工单,工业网关,GW-200,E104,MQTT 连接超时,"客户反馈 GW-200 MQTT 连接超时，平台记录错误码 E104，现场已尝试重启但未完全恢复。
解决方案：工程师按标准流程核对 Broker 域名、端口、TLS 证书、设备三元组和防火墙策略，并核对日志中的 E104 记录。处理后观察两个心跳周期，数据恢复正常。
建议动作：直接指导客户排查"
TCK-2026-0222,历史工单,GW-500 固件升级失败 历史工单,工业网关,GW-500,E107,固件升级失败,"客户反馈 GW-500 固件升级失败，平台记录错误码 E107，现场已尝试重启但未完全恢复。
解决方案：工程师按标准流程确认固件包型号匹配、电量充足、升级窗口稳定且断点续传可用，并核对日志中的 E107 记录。处理后观察两个心跳周期，数据恢复正常。
建议动作：直接指导客户排查"
TCK-2026-0223,历史工单,TH-10 传感器采样异常 历史工单,环境传感器,TH-10,E110,传感器采样异常,"客户反馈 TH-10 传感器采样异常，平台记录错误码 E110，现场已尝试重启但未完全恢复。
解决方案：工程师按标准流程检查采样周期、探头接线、量程配置、校准系数和环境干扰，并核对日志中的 E110 记录。处理后观察两个心跳周期，数据恢复正常。
建议动作：直接指导客户排查"
TCK-2026-0224,历史工单,TH-30 网关心跳丢失 历史工单,环境传感器,TH-30,E203,网关心跳丢失,"客户反馈 TH-30 网关心跳丢失，平台记录错误码 E203，现场已尝试重启但未完全恢复。
解决方案：工程师按标准流程查看心跳间隔、NTP 时间、弱网重连日志和平台接入状态，并核对日志中的 E203 记录。处理后观察两个心跳周期，数据恢复正常。
建议动作：直接指导客户排查"
TCK-2026-0225,历史工单,AQ-20 设备绑定失败 历史工单,环境传感器,AQ-20,E206,设备绑定失败,"客户反馈 AQ-20 设备绑定失败，平台记录错误码 E206，现场已尝试重启但未完全恢复。
解决方案：工程师按标准流程确认 SN/IMEI 未被占用、租户信息正确、二维码未过期，并核对日志中的 E206 记录。处理后观察两个心跳周期，数据恢复正常。
建议动作：建议转人工并收集日志"
TCK-2026-0226,历史工单,VB-100 电压数据异常 历史工单,振动监测,VB-100,E301,电压数据异常,"客户反馈 VB-100 电压数据异常，平台记录错误码 E301，现场已尝试重启但未完全恢复。
解决方案：工程师按标准流程核对互感器方向、倍率参数、接线相序和采样通道，并核对日志中的 E301 记录。处理后观察两个心跳周期，数据恢复正常。
建议动作：直接指导客户排查"
TCK-2026-0227,历史工单,VB-300 温度数据漂移 历史工单,振动监测,VB-300,E304,温度数据漂移,"客户反馈 VB-300 温度数据漂移，平台记录错误码 E304，现场已尝试重启但未完全恢复。
解决方案：工程师按标准流程检查安装位置、校准日期、补偿参数和传感器老化情况，并核对日志中的 E304 记录。处理后观察两个心跳周期，数据恢复正常。
建议动作：直接指导客户排查"
TCK-2026-0228,历史工单,PM-80 振动阈值误报 历史工单,电力采集,PM-80,E307,振动阈值误报,"客户反馈 PM-80 振动阈值误报，平台记录错误码 E307，现场已尝试重启但未完全恢复。
解决方案：工程师按标准流程检查安装底座、阈值模板、采样频率和设备工况变化，并核对日志中的 E307 记录。处理后观察两个心跳周期，数据恢复正常。
建议动作：直接指导客户排查"
TCK-2026-0229,历史工单,PM-200 平台告警延迟 历史工单,电力采集,PM-200,E402,平台告警延迟,"客户反馈 PM-200 平台告警延迟，平台记录错误码 E402，现场已尝试重启但未完全恢复。
解决方案：工程师按标准流程检查上报频率、消息队列积压、规则引擎状态和网络延迟，并核对日志中的 E402 记录。处理后观察两个心跳周期，数据恢复正常。
建议动作：直接指导客户排查"
TCK-2026-0230,历史工单,GW-100 设备离线 历史工单,工业网关,GW-100,E101,设备离线,"客户反馈 GW-100 设备离线，平台记录错误码 E101，现场已尝试重启但未完全恢复。
解决方案：工程师按标准流程检查供电、网络、SIM 卡余额、MQTT Broker 地址和最近心跳时间，并核对日志中的 E101 记录。处理后观察两个心跳周期，数据恢复正常。
建议动作：建议转人工并收集日志"
TCK-2026-0231,历史工单,GW-200 MQTT 连接超时 历史工单,工业网关,GW-200,E104,MQTT 连接超时,"客户反馈 GW-200 MQTT 连接超时，平台记录错误码 E104，现场已尝试重启但未完全恢复。
解决方案：工程师按标准流程核对 Broker 域名、端口、TLS 证书、设备三元组和防火墙策略，并核对日志中的 E104 记录。处理后观察两个心跳周期，数据恢复正常。
建议动作：直接指导客户排查"
TCK-2026-0232,历史工单,GW-500 固件升级失败 历史工单,工业网关,GW-500,E107,固件升级失败,"客户反馈 GW-500 固件升级失败，平台记录错误码 E107，现场已尝试重启但未完全恢复。
解决方案：工程师按标准流程确认固件包型号匹配、电量充足、升级窗口稳定且断点续传可用，并核对日志中的 E107 记录。处理后观察两个心跳周期，数据恢复正常。
建议动作：直接指导客户排查"
TCK-2026-0233,历史工单,TH-10 传感器采样异常 历史工单,环境传感器,TH-10,E110,传感器采样异常,"客户反馈 TH-10 传感器采样异常，平台记录错误码 E110，现场已尝试重启但未完全恢复。
解决方案：工程师按标准流程检查采样周期、探头接线、量程配置、校准系数和环境干扰，并核对日志中的 E110 记录。处理后观察两个心跳周期，数据恢复正常。
建议动作：直接指导客户排查"
TCK-2026-0234,历史工单,TH-30 网关心跳丢失 历史工单,环境传感器,TH-30,E203,网关心跳丢失,"客户反馈 TH-30 网关心跳丢失，平台记录错误码 E203，现场已尝试重启但未完全恢复。
解决方案：工程师按标准流程查看心跳间隔、NTP 时间、弱网重连日志和平台接入状态，并核对日志中的 E203 记录。处理后观察两个心跳周期，数据恢复正常。
建议动作：直接指导客户排查"
TCK-2026-0235,历史工单,AQ-20 设备绑定失败 历史工单,环境传感器,AQ-20,E206,设备绑定失败,"客户反馈 AQ-20 设备绑定失败，平台记录错误码 E206，现场已尝试重启但未完全恢复。
解决方案：工程师按标准流程确认 SN/IMEI 未被占用、租户信息正确、二维码未过期，并核对日志中的 E206 记录。处理后观察两个心跳周期，数据恢复正常。
建议动作：建议转人工并收集日志"
TCK-2026-0236,历史工单,VB-100 电压数据异常 历史工单,振动监测,VB-100,E301,电压数据异常,"客户反馈 VB-100 电压数据异常，平台记录错误码 E301，现场已尝试重启但未完全恢复。
解决方案：工程师按标准流程核对互感器方向、倍率参数、接线相序和采样通道，并核对日志中的 E301 记录。处理后观察两个心跳周期，数据恢复正常。
建议动作：直接指导客户排查"
TCK-2026-0237,历史工单,VB-300 温度数据漂移 历史工单,振动监测,VB-300,E304,温度数据漂移,"客户反馈 VB-300 温度数据漂移，平台记录错误码 E304，现场已尝试重启但未完全恢复。
解决方案：工程师按标准流程检查安装位置、校准日期、补偿参数和传感器老化情况，并核对日志中的 E304 记录。处理后观察两个心跳周期，数据恢复正常。
建议动作：直接指导客户排查"
TCK-2026-0238,历史工单,PM-80 振动阈值误报 历史工单,电力采集,PM-80,E307,振动阈值误报,"客户反馈 PM-80 振动阈值误报，平台记录错误码 E307，现场已尝试重启但未完全恢复。
解决方案：工程师按标准流程检查安装底座、阈值模板、采样频率和设备工况变化，并核对日志中的 E307 记录。处理后观察两个心跳周期，数据恢复正常。
建议动作：直接指导客户排查"
TCK-2026-0239,历史工单,PM-200 平台告警延迟 历史工单,电力采集,PM-200,E402,平台告警延迟,"客户反馈 PM-200 平台告警延迟，平台记录错误码 E402，现场已尝试重启但未完全恢复。
解决方案：工程师按标准流程检查上报频率、消息队列积压、规则引擎状态和网络延迟，并核对日志中的 E402 记录。处理后观察两个心跳周期，数据恢复正常。
建议动作：直接指导客户排查"
TCK-2026-0240,历史工单,GW-100 设备离线 历史工单,工业网关,GW-100,E101,设备离线,"客户反馈 GW-100 设备离线，平台记录错误码 E101，现场已尝试重启但未完全恢复。
解决方案：工程师按标准流程检查供电、网络、SIM 卡余额、MQTT Broker 地址和最近心跳时间，并核对日志中的 E101 记录。处理后观察两个心跳周期，数据恢复正常。
建议动作：建议转人工并收集日志"
TCK-2026-0241,历史工单,GW-200 MQTT 连接超时 历史工单,工业网关,GW-200,E104,MQTT 连接超时,"客户反馈 GW-200 MQTT 连接超时，平台记录错误码 E104，现场已尝试重启但未完全恢复。
解决方案：工程师按标准流程核对 Broker 域名、端口、TLS 证书、设备三元组和防火墙策略，并核对日志中的 E104 记录。处理后观察两个心跳周期，数据恢复正常。
建议动作：直接指导客户排查"
TCK-2026-0242,历史工单,GW-500 固件升级失败 历史工单,工业网关,GW-500,E107,固件升级失败,"客户反馈 GW-500 固件升级失败，平台记录错误码 E107，现场已尝试重启但未完全恢复。
解决方案：工程师按标准流程确认固件包型号匹配、电量充足、升级窗口稳定且断点续传可用，并核对日志中的 E107 记录。处理后观察两个心跳周期，数据恢复正常。
建议动作：直接指导客户排查"
TCK-2026-0243,历史工单,TH-10 传感器采样异常 历史工单,环境传感器,TH-10,E110,传感器采样异常,"客户反馈 TH-10 传感器采样异常，平台记录错误码 E110，现场已尝试重启但未完全恢复。
解决方案：工程师按标准流程检查采样周期、探头接线、量程配置、校准系数和环境干扰，并核对日志中的 E110 记录。处理后观察两个心跳周期，数据恢复正常。
建议动作：直接指导客户排查"
TCK-2026-0244,历史工单,TH-30 网关心跳丢失 历史工单,环境传感器,TH-30,E203,网关心跳丢失,"客户反馈 TH-30 网关心跳丢失，平台记录错误码 E203，现场已尝试重启但未完全恢复。
解决方案：工程师按标准流程查看心跳间隔、NTP 时间、弱网重连日志和平台接入状态，并核对日志中的 E203 记录。处理后观察两个心跳周期，数据恢复正常。
建议动作：直接指导客户排查"
TCK-2026-0245,历史工单,AQ-20 设备绑定失败 历史工单,环境传感器,AQ-20,E206,设备绑定失败,"客户反馈 AQ-20 设备绑定失败，平台记录错误码 E206，现场已尝试重启但未完全恢复。
解决方案：工程师按标准流程确认 SN/IMEI 未被占用、租户信息正确、二维码未过期，并核对日志中的 E206 记录。处理后观察两个心跳周期，数据恢复正常。
建议动作：建议转人工并收集日志"
TCK-2026-0246,历史工单,VB-100 电压数据异常 历史工单,振动监测,VB-100,E301,电压数据异常,"客户反馈 VB-100 电压数据异常，平台记录错误码 E301，现场已尝试重启但未完全恢复。
解决方案：工程师按标准流程核对互感器方向、倍率参数、接线相序和采样通道，并核对日志中的 E301 记录。处理后观察两个心跳周期，数据恢复正常。
建议动作：直接指导客户排查"
TCK-2026-0247,历史工单,VB-300 温度数据漂移 历史工单,振动监测,VB-300,E304,温度数据漂移,"客户反馈 VB-300 温度数据漂移，平台记录错误码 E304，现场已尝试重启但未完全恢复。
解决方案：工程师按标准流程检查安装位置、校准日期、补偿参数和传感器老化情况，并核对日志中的 E304 记录。处理后观察两个心跳周期，数据恢复正常。
建议动作：直接指导客户排查"
TCK-2026-0248,历史工单,PM-80 振动阈值误报 历史工单,电力采集,PM-80,E307,振动阈值误报,"客户反馈 PM-80 振动阈值误报，平台记录错误码 E307，现场已尝试重启但未完全恢复。
解决方案：工程师按标准流程检查安装底座、阈值模板、采样频率和设备工况变化，并核对日志中的 E307 记录。处理后观察两个心跳周期，数据恢复正常。
建议动作：直接指导客户排查"
TCK-2026-0249,历史工单,PM-200 平台告警延迟 历史工单,电力采集,PM-200,E402,平台告警延迟,"客户反馈 PM-200 平台告警延迟，平台记录错误码 E402，现场已尝试重启但未完全恢复。
解决方案：工程师按标准流程检查上报频率、消息队列积压、规则引擎状态和网络延迟，并核对日志中的 E402 记录。处理后观察两个心跳周期，数据恢复正常。
建议动作：直接指导客户排查"
TCK-2026-0250,历史工单,GW-100 设备离线 历史工单,工业网关,GW-100,E101,设备离线,"客户反馈 GW-100 设备离线，平台记录错误码 E101，现场已尝试重启但未完全恢复。
解决方案：工程师按标准流程检查供电、网络、SIM 卡余额、MQTT Broker 地址和最近心跳时间，并核对日志中的 E101 记录。处理后观察两个心跳周期，数据恢复正常。
建议动作：建议转人工并收集日志"
TCK-2026-0251,历史工单,GW-200 MQTT 连接超时 历史工单,工业网关,GW-200,E104,MQTT 连接超时,"客户反馈 GW-200 MQTT 连接超时，平台记录错误码 E104，现场已尝试重启但未完全恢复。
解决方案：工程师按标准流程核对 Broker 域名、端口、TLS 证书、设备三元组和防火墙策略，并核对日志中的 E104 记录。处理后观察两个心跳周期，数据恢复正常。
建议动作：直接指导客户排查"
TCK-2026-0252,历史工单,GW-500 固件升级失败 历史工单,工业网关,GW-500,E107,固件升级失败,"客户反馈 GW-500 固件升级失败，平台记录错误码 E107，现场已尝试重启但未完全恢复。
解决方案：工程师按标准流程确认固件包型号匹配、电量充足、升级窗口稳定且断点续传可用，并核对日志中的 E107 记录。处理后观察两个心跳周期，数据恢复正常。
建议动作：直接指导客户排查"
TCK-2026-0253,历史工单,TH-10 传感器采样异常 历史工单,环境传感器,TH-10,E110,传感器采样异常,"客户反馈 TH-10 传感器采样异常，平台记录错误码 E110，现场已尝试重启但未完全恢复。
解决方案：工程师按标准流程检查采样周期、探头接线、量程配置、校准系数和环境干扰，并核对日志中的 E110 记录。处理后观察两个心跳周期，数据恢复正常。
建议动作：直接指导客户排查"
TCK-2026-0254,历史工单,TH-30 网关心跳丢失 历史工单,环境传感器,TH-30,E203,网关心跳丢失,"客户反馈 TH-30 网关心跳丢失，平台记录错误码 E203，现场已尝试重启但未完全恢复。
解决方案：工程师按标准流程查看心跳间隔、NTP 时间、弱网重连日志和平台接入状态，并核对日志中的 E203 记录。处理后观察两个心跳周期，数据恢复正常。
建议动作：直接指导客户排查"
TCK-2026-0255,历史工单,AQ-20 设备绑定失败 历史工单,环境传感器,AQ-20,E206,设备绑定失败,"客户反馈 AQ-20 设备绑定失败，平台记录错误码 E206，现场已尝试重启但未完全恢复。
解决方案：工程师按标准流程确认 SN/IMEI 未被占用、租户信息正确、二维码未过期，并核对日志中的 E206 记录。处理后观察两个心跳周期，数据恢复正常。
建议动作：建议转人工并收集日志"
TCK-2026-0256,历史工单,VB-100 电压数据异常 历史工单,振动监测,VB-100,E301,电压数据异常,"客户反馈 VB-100 电压数据异常，平台记录错误码 E301，现场已尝试重启但未完全恢复。
解决方案：工程师按标准流程核对互感器方向、倍率参数、接线相序和采样通道，并核对日志中的 E301 记录。处理后观察两个心跳周期，数据恢复正常。
建议动作：直接指导客户排查"
TCK-2026-0257,历史工单,VB-300 温度数据漂移 历史工单,振动监测,VB-300,E304,温度数据漂移,"客户反馈 VB-300 温度数据漂移，平台记录错误码 E304，现场已尝试重启但未完全恢复。
解决方案：工程师按标准流程检查安装位置、校准日期、补偿参数和传感器老化情况，并核对日志中的 E304 记录。处理后观察两个心跳周期，数据恢复正常。
建议动作：直接指导客户排查"
TCK-2026-0258,历史工单,PM-80 振动阈值误报 历史工单,电力采集,PM-80,E307,振动阈值误报,"客户反馈 PM-80 振动阈值误报，平台记录错误码 E307，现场已尝试重启但未完全恢复。
解决方案：工程师按标准流程检查安装底座、阈值模板、采样频率和设备工况变化，并核对日志中的 E307 记录。处理后观察两个心跳周期，数据恢复正常。
建议动作：直接指导客户排查"
TCK-2026-0259,历史工单,PM-200 平台告警延迟 历史工单,电力采集,PM-200,E402,平台告警延迟,"客户反馈 PM-200 平台告警延迟，平台记录错误码 E402，现场已尝试重启但未完全恢复。
解决方案：工程师按标准流程检查上报频率、消息队列积压、规则引擎状态和网络延迟，并核对日志中的 E402 记录。处理后观察两个心跳周期，数据恢复正常。
建议动作：直接指导客户排查"
TCK-2026-0260,历史工单,GW-100 设备离线 历史工单,工业网关,GW-100,E101,设备离线,"客户反馈 GW-100 设备离线，平台记录错误码 E101，现场已尝试重启但未完全恢复。
解决方案：工程师按标准流程检查供电、网络、SIM 卡余额、MQTT Broker 地址和最近心跳时间，并核对日志中的 E101 记录。处理后观察两个心跳周期，数据恢复正常。
建议动作：建议转人工并收集日志"
TCK-2026-0261,历史工单,GW-200 MQTT 连接超时 历史工单,工业网关,GW-200,E104,MQTT 连接超时,"客户反馈 GW-200 MQTT 连接超时，平台记录错误码 E104，现场已尝试重启但未完全恢复。
解决方案：工程师按标准流程核对 Broker 域名、端口、TLS 证书、设备三元组和防火墙策略，并核对日志中的 E104 记录。处理后观察两个心跳周期，数据恢复正常。
建议动作：直接指导客户排查"
TCK-2026-0262,历史工单,GW-500 固件升级失败 历史工单,工业网关,GW-500,E107,固件升级失败,"客户反馈 GW-500 固件升级失败，平台记录错误码 E107，现场已尝试重启但未完全恢复。
解决方案：工程师按标准流程确认固件包型号匹配、电量充足、升级窗口稳定且断点续传可用，并核对日志中的 E107 记录。处理后观察两个心跳周期，数据恢复正常。
建议动作：直接指导客户排查"
TCK-2026-0263,历史工单,TH-10 传感器采样异常 历史工单,环境传感器,TH-10,E110,传感器采样异常,"客户反馈 TH-10 传感器采样异常，平台记录错误码 E110，现场已尝试重启但未完全恢复。
解决方案：工程师按标准流程检查采样周期、探头接线、量程配置、校准系数和环境干扰，并核对日志中的 E110 记录。处理后观察两个心跳周期，数据恢复正常。
建议动作：直接指导客户排查"
TCK-2026-0264,历史工单,TH-30 网关心跳丢失 历史工单,环境传感器,TH-30,E203,网关心跳丢失,"客户反馈 TH-30 网关心跳丢失，平台记录错误码 E203，现场已尝试重启但未完全恢复。
解决方案：工程师按标准流程查看心跳间隔、NTP 时间、弱网重连日志和平台接入状态，并核对日志中的 E203 记录。处理后观察两个心跳周期，数据恢复正常。
建议动作：直接指导客户排查"
TCK-2026-0265,历史工单,AQ-20 设备绑定失败 历史工单,环境传感器,AQ-20,E206,设备绑定失败,"客户反馈 AQ-20 设备绑定失败，平台记录错误码 E206，现场已尝试重启但未完全恢复。
解决方案：工程师按标准流程确认 SN/IMEI 未被占用、租户信息正确、二维码未过期，并核对日志中的 E206 记录。处理后观察两个心跳周期，数据恢复正常。
建议动作：建议转人工并收集日志"
TCK-2026-0266,历史工单,VB-100 电压数据异常 历史工单,振动监测,VB-100,E301,电压数据异常,"客户反馈 VB-100 电压数据异常，平台记录错误码 E301，现场已尝试重启但未完全恢复。
解决方案：工程师按标准流程核对互感器方向、倍率参数、接线相序和采样通道，并核对日志中的 E301 记录。处理后观察两个心跳周期，数据恢复正常。
建议动作：直接指导客户排查"
TCK-2026-0267,历史工单,VB-300 温度数据漂移 历史工单,振动监测,VB-300,E304,温度数据漂移,"客户反馈 VB-300 温度数据漂移，平台记录错误码 E304，现场已尝试重启但未完全恢复。
解决方案：工程师按标准流程检查安装位置、校准日期、补偿参数和传感器老化情况，并核对日志中的 E304 记录。处理后观察两个心跳周期，数据恢复正常。
建议动作：直接指导客户排查"
TCK-2026-0268,历史工单,PM-80 振动阈值误报 历史工单,电力采集,PM-80,E307,振动阈值误报,"客户反馈 PM-80 振动阈值误报，平台记录错误码 E307，现场已尝试重启但未完全恢复。
解决方案：工程师按标准流程检查安装底座、阈值模板、采样频率和设备工况变化，并核对日志中的 E307 记录。处理后观察两个心跳周期，数据恢复正常。
建议动作：直接指导客户排查"
TCK-2026-0269,历史工单,PM-200 平台告警延迟 历史工单,电力采集,PM-200,E402,平台告警延迟,"客户反馈 PM-200 平台告警延迟，平台记录错误码 E402，现场已尝试重启但未完全恢复。
解决方案：工程师按标准流程检查上报频率、消息队列积压、规则引擎状态和网络延迟，并核对日志中的 E402 记录。处理后观察两个心跳周期，数据恢复正常。
建议动作：直接指导客户排查"
TCK-2026-0270,历史工单,GW-100 设备离线 历史工单,工业网关,GW-100,E101,设备离线,"客户反馈 GW-100 设备离线，平台记录错误码 E101，现场已尝试重启但未完全恢复。
解决方案：工程师按标准流程检查供电、网络、SIM 卡余额、MQTT Broker 地址和最近心跳时间，并核对日志中的 E101 记录。处理后观察两个心跳周期，数据恢复正常。
建议动作：建议转人工并收集日志"
TCK-2026-0271,历史工单,GW-200 MQTT 连接超时 历史工单,工业网关,GW-200,E104,MQTT 连接超时,"客户反馈 GW-200 MQTT 连接超时，平台记录错误码 E104，现场已尝试重启但未完全恢复。
解决方案：工程师按标准流程核对 Broker 域名、端口、TLS 证书、设备三元组和防火墙策略，并核对日志中的 E104 记录。处理后观察两个心跳周期，数据恢复正常。
建议动作：直接指导客户排查"
TCK-2026-0272,历史工单,GW-500 固件升级失败 历史工单,工业网关,GW-500,E107,固件升级失败,"客户反馈 GW-500 固件升级失败，平台记录错误码 E107，现场已尝试重启但未完全恢复。
解决方案：工程师按标准流程确认固件包型号匹配、电量充足、升级窗口稳定且断点续传可用，并核对日志中的 E107 记录。处理后观察两个心跳周期，数据恢复正常。
建议动作：直接指导客户排查"
TCK-2026-0273,历史工单,TH-10 传感器采样异常 历史工单,环境传感器,TH-10,E110,传感器采样异常,"客户反馈 TH-10 传感器采样异常，平台记录错误码 E110，现场已尝试重启但未完全恢复。
解决方案：工程师按标准流程检查采样周期、探头接线、量程配置、校准系数和环境干扰，并核对日志中的 E110 记录。处理后观察两个心跳周期，数据恢复正常。
建议动作：直接指导客户排查"
TCK-2026-0274,历史工单,TH-30 网关心跳丢失 历史工单,环境传感器,TH-30,E203,网关心跳丢失,"客户反馈 TH-30 网关心跳丢失，平台记录错误码 E203，现场已尝试重启但未完全恢复。
解决方案：工程师按标准流程查看心跳间隔、NTP 时间、弱网重连日志和平台接入状态，并核对日志中的 E203 记录。处理后观察两个心跳周期，数据恢复正常。
建议动作：直接指导客户排查"
TCK-2026-0275,历史工单,AQ-20 设备绑定失败 历史工单,环境传感器,AQ-20,E206,设备绑定失败,"客户反馈 AQ-20 设备绑定失败，平台记录错误码 E206，现场已尝试重启但未完全恢复。
解决方案：工程师按标准流程确认 SN/IMEI 未被占用、租户信息正确、二维码未过期，并核对日志中的 E206 记录。处理后观察两个心跳周期，数据恢复正常。
建议动作：建议转人工并收集日志"
TCK-2026-0276,历史工单,VB-100 电压数据异常 历史工单,振动监测,VB-100,E301,电压数据异常,"客户反馈 VB-100 电压数据异常，平台记录错误码 E301，现场已尝试重启但未完全恢复。
解决方案：工程师按标准流程核对互感器方向、倍率参数、接线相序和采样通道，并核对日志中的 E301 记录。处理后观察两个心跳周期，数据恢复正常。
建议动作：直接指导客户排查"
TCK-2026-0277,历史工单,VB-300 温度数据漂移 历史工单,振动监测,VB-300,E304,温度数据漂移,"客户反馈 VB-300 温度数据漂移，平台记录错误码 E304，现场已尝试重启但未完全恢复。
解决方案：工程师按标准流程检查安装位置、校准日期、补偿参数和传感器老化情况，并核对日志中的 E304 记录。处理后观察两个心跳周期，数据恢复正常。
建议动作：直接指导客户排查"
TCK-2026-0278,历史工单,PM-80 振动阈值误报 历史工单,电力采集,PM-80,E307,振动阈值误报,"客户反馈 PM-80 振动阈值误报，平台记录错误码 E307，现场已尝试重启但未完全恢复。
解决方案：工程师按标准流程检查安装底座、阈值模板、采样频率和设备工况变化，并核对日志中的 E307 记录。处理后观察两个心跳周期，数据恢复正常。
建议动作：直接指导客户排查"
TCK-2026-0279,历史工单,PM-200 平台告警延迟 历史工单,电力采集,PM-200,E402,平台告警延迟,"客户反馈 PM-200 平台告警延迟，平台记录错误码 E402，现场已尝试重启但未完全恢复。
解决方案：工程师按标准流程检查上报频率、消息队列积压、规则引擎状态和网络延迟，并核对日志中的 E402 记录。处理后观察两个心跳周期，数据恢复正常。
建议动作：直接指导客户排查"
TCK-2026-0280,历史工单,GW-100 设备离线 历史工单,工业网关,GW-100,E101,设备离线,"客户反馈 GW-100 设备离线，平台记录错误码 E101，现场已尝试重启但未完全恢复。
解决方案：工程师按标准流程检查供电、网络、SIM 卡余额、MQTT Broker 地址和最近心跳时间，并核对日志中的 E101 记录。处理后观察两个心跳周期，数据恢复正常。
建议动作：建议转人工并收集日志"
TCK-2026-0281,历史工单,GW-200 MQTT 连接超时 历史工单,工业网关,GW-200,E104,MQTT 连接超时,"客户反馈 GW-200 MQTT 连接超时，平台记录错误码 E104，现场已尝试重启但未完全恢复。
解决方案：工程师按标准流程核对 Broker 域名、端口、TLS 证书、设备三元组和防火墙策略，并核对日志中的 E104 记录。处理后观察两个心跳周期，数据恢复正常。
建议动作：直接指导客户排查"
TCK-2026-0282,历史工单,GW-500 固件升级失败 历史工单,工业网关,GW-500,E107,固件升级失败,"客户反馈 GW-500 固件升级失败，平台记录错误码 E107，现场已尝试重启但未完全恢复。
解决方案：工程师按标准流程确认固件包型号匹配、电量充足、升级窗口稳定且断点续传可用，并核对日志中的 E107 记录。处理后观察两个心跳周期，数据恢复正常。
建议动作：直接指导客户排查"
TCK-2026-0283,历史工单,TH-10 传感器采样异常 历史工单,环境传感器,TH-10,E110,传感器采样异常,"客户反馈 TH-10 传感器采样异常，平台记录错误码 E110，现场已尝试重启但未完全恢复。
解决方案：工程师按标准流程检查采样周期、探头接线、量程配置、校准系数和环境干扰，并核对日志中的 E110 记录。处理后观察两个心跳周期，数据恢复正常。
建议动作：直接指导客户排查"
TCK-2026-0284,历史工单,TH-30 网关心跳丢失 历史工单,环境传感器,TH-30,E203,网关心跳丢失,"客户反馈 TH-30 网关心跳丢失，平台记录错误码 E203，现场已尝试重启但未完全恢复。
解决方案：工程师按标准流程查看心跳间隔、NTP 时间、弱网重连日志和平台接入状态，并核对日志中的 E203 记录。处理后观察两个心跳周期，数据恢复正常。
建议动作：直接指导客户排查"
TCK-2026-0285,历史工单,AQ-20 设备绑定失败 历史工单,环境传感器,AQ-20,E206,设备绑定失败,"客户反馈 AQ-20 设备绑定失败，平台记录错误码 E206，现场已尝试重启但未完全恢复。
解决方案：工程师按标准流程确认 SN/IMEI 未被占用、租户信息正确、二维码未过期，并核对日志中的 E206 记录。处理后观察两个心跳周期，数据恢复正常。
建议动作：建议转人工并收集日志"
TCK-2026-0286,历史工单,VB-100 电压数据异常 历史工单,振动监测,VB-100,E301,电压数据异常,"客户反馈 VB-100 电压数据异常，平台记录错误码 E301，现场已尝试重启但未完全恢复。
解决方案：工程师按标准流程核对互感器方向、倍率参数、接线相序和采样通道，并核对日志中的 E301 记录。处理后观察两个心跳周期，数据恢复正常。
建议动作：直接指导客户排查"
TCK-2026-0287,历史工单,VB-300 温度数据漂移 历史工单,振动监测,VB-300,E304,温度数据漂移,"客户反馈 VB-300 温度数据漂移，平台记录错误码 E304，现场已尝试重启但未完全恢复。
解决方案：工程师按标准流程检查安装位置、校准日期、补偿参数和传感器老化情况，并核对日志中的 E304 记录。处理后观察两个心跳周期，数据恢复正常。
建议动作：直接指导客户排查"
TCK-2026-0288,历史工单,PM-80 振动阈值误报 历史工单,电力采集,PM-80,E307,振动阈值误报,"客户反馈 PM-80 振动阈值误报，平台记录错误码 E307，现场已尝试重启但未完全恢复。
解决方案：工程师按标准流程检查安装底座、阈值模板、采样频率和设备工况变化，并核对日志中的 E307 记录。处理后观察两个心跳周期，数据恢复正常。
建议动作：直接指导客户排查"
TCK-2026-0289,历史工单,PM-200 平台告警延迟 历史工单,电力采集,PM-200,E402,平台告警延迟,"客户反馈 PM-200 平台告警延迟，平台记录错误码 E402，现场已尝试重启但未完全恢复。
解决方案：工程师按标准流程检查上报频率、消息队列积压、规则引擎状态和网络延迟，并核对日志中的 E402 记录。处理后观察两个心跳周期，数据恢复正常。
建议动作：直接指导客户排查"
TCK-2026-0290,历史工单,GW-100 设备离线 历史工单,工业网关,GW-100,E101,设备离线,"客户反馈 GW-100 设备离线，平台记录错误码 E101，现场已尝试重启但未完全恢复。
解决方案：工程师按标准流程检查供电、网络、SIM 卡余额、MQTT Broker 地址和最近心跳时间，并核对日志中的 E101 记录。处理后观察两个心跳周期，数据恢复正常。
建议动作：建议转人工并收集日志"
TCK-2026-0291,历史工单,GW-200 MQTT 连接超时 历史工单,工业网关,GW-200,E104,MQTT 连接超时,"客户反馈 GW-200 MQTT 连接超时，平台记录错误码 E104，现场已尝试重启但未完全恢复。
解决方案：工程师按标准流程核对 Broker 域名、端口、TLS 证书、设备三元组和防火墙策略，并核对日志中的 E104 记录。处理后观察两个心跳周期，数据恢复正常。
建议动作：直接指导客户排查"
TCK-2026-0292,历史工单,GW-500 固件升级失败 历史工单,工业网关,GW-500,E107,固件升级失败,"客户反馈 GW-500 固件升级失败，平台记录错误码 E107，现场已尝试重启但未完全恢复。
解决方案：工程师按标准流程确认固件包型号匹配、电量充足、升级窗口稳定且断点续传可用，并核对日志中的 E107 记录。处理后观察两个心跳周期，数据恢复正常。
建议动作：直接指导客户排查"
TCK-2026-0293,历史工单,TH-10 传感器采样异常 历史工单,环境传感器,TH-10,E110,传感器采样异常,"客户反馈 TH-10 传感器采样异常，平台记录错误码 E110，现场已尝试重启但未完全恢复。
解决方案：工程师按标准流程检查采样周期、探头接线、量程配置、校准系数和环境干扰，并核对日志中的 E110 记录。处理后观察两个心跳周期，数据恢复正常。
建议动作：直接指导客户排查"
TCK-2026-0294,历史工单,TH-30 网关心跳丢失 历史工单,环境传感器,TH-30,E203,网关心跳丢失,"客户反馈 TH-30 网关心跳丢失，平台记录错误码 E203，现场已尝试重启但未完全恢复。
解决方案：工程师按标准流程查看心跳间隔、NTP 时间、弱网重连日志和平台接入状态，并核对日志中的 E203 记录。处理后观察两个心跳周期，数据恢复正常。
建议动作：直接指导客户排查"
TCK-2026-0295,历史工单,AQ-20 设备绑定失败 历史工单,环境传感器,AQ-20,E206,设备绑定失败,"客户反馈 AQ-20 设备绑定失败，平台记录错误码 E206，现场已尝试重启但未完全恢复。
解决方案：工程师按标准流程确认 SN/IMEI 未被占用、租户信息正确、二维码未过期，并核对日志中的 E206 记录。处理后观察两个心跳周期，数据恢复正常。
建议动作：建议转人工并收集日志"
TCK-2026-0296,历史工单,VB-100 电压数据异常 历史工单,振动监测,VB-100,E301,电压数据异常,"客户反馈 VB-100 电压数据异常，平台记录错误码 E301，现场已尝试重启但未完全恢复。
解决方案：工程师按标准流程核对互感器方向、倍率参数、接线相序和采样通道，并核对日志中的 E301 记录。处理后观察两个心跳周期，数据恢复正常。
建议动作：直接指导客户排查"
TCK-2026-0297,历史工单,VB-300 温度数据漂移 历史工单,振动监测,VB-300,E304,温度数据漂移,"客户反馈 VB-300 温度数据漂移，平台记录错误码 E304，现场已尝试重启但未完全恢复。
解决方案：工程师按标准流程检查安装位置、校准日期、补偿参数和传感器老化情况，并核对日志中的 E304 记录。处理后观察两个心跳周期，数据恢复正常。
建议动作：直接指导客户排查"
TCK-2026-0298,历史工单,PM-80 振动阈值误报 历史工单,电力采集,PM-80,E307,振动阈值误报,"客户反馈 PM-80 振动阈值误报，平台记录错误码 E307，现场已尝试重启但未完全恢复。
解决方案：工程师按标准流程检查安装底座、阈值模板、采样频率和设备工况变化，并核对日志中的 E307 记录。处理后观察两个心跳周期，数据恢复正常。
建议动作：直接指导客户排查"
TCK-2026-0299,历史工单,PM-200 平台告警延迟 历史工单,电力采集,PM-200,E402,平台告警延迟,"客户反馈 PM-200 平台告警延迟，平台记录错误码 E402，现场已尝试重启但未完全恢复。
解决方案：工程师按标准流程检查上报频率、消息队列积压、规则引擎状态和网络延迟，并核对日志中的 E402 记录。处理后观察两个心跳周期，数据恢复正常。
建议动作：直接指导客户排查"
TCK-2026-0300,历史工单,GW-100 设备离线 历史工单,工业网关,GW-100,E101,设备离线,"客户反馈 GW-100 设备离线，平台记录错误码 E101，现场已尝试重启但未完全恢复。
解决方案：工程师按标准流程检查供电、网络、SIM 卡余额、MQTT Broker 地址和最近心跳时间，并核对日志中的 E101 记录。处理后观察两个心跳周期，数据恢复正常。
建议动作：建议转人工并收集日志"
MAN-001-CH01,产品手册,GW-100 售后排障手册 - 设备上线,工业网关,GW-100,,设备上线,GW-100 设备上线章节：处理相关问题时，应先确认设备状态、现场接线、平台配置和最近日志。若问题涉及安全风险、客户投诉、数据丢失或远程操作失败，应停止强行给出结论并生成工单交由人工复核。
MAN-001-CH02,产品手册,GW-100 售后排障手册 - MQTT 配置,工业网关,GW-100,,MQTT 配置,GW-100 MQTT 配置章节：处理相关问题时，应先确认设备状态、现场接线、平台配置和最近日志。若问题涉及安全风险、客户投诉、数据丢失或远程操作失败，应停止强行给出结论并生成工单交由人工复核。
MAN-001-CH03,产品手册,GW-100 售后排障手册 - 心跳诊断,工业网关,GW-100,,心跳诊断,GW-100 心跳诊断章节：处理相关问题时，应先确认设备状态、现场接线、平台配置和最近日志。若问题涉及安全风险、客户投诉、数据丢失或远程操作失败，应停止强行给出结论并生成工单交由人工复核。
MAN-001-CH04,产品手册,GW-100 售后排障手册 - 日志导出,工业网关,GW-100,,日志导出,GW-100 日志导出章节：处理相关问题时，应先确认设备状态、现场接线、平台配置和最近日志。若问题涉及安全风险、客户投诉、数据丢失或远程操作失败，应停止强行给出结论并生成工单交由人工复核。
MAN-001-CH05,产品手册,GW-100 售后排障手册 - 固件升级,工业网关,GW-100,,固件升级,GW-100 固件升级章节：处理相关问题时，应先确认设备状态、现场接线、平台配置和最近日志。若问题涉及安全风险、客户投诉、数据丢失或远程操作失败，应停止强行给出结论并生成工单交由人工复核。
MAN-001-CH06,产品手册,GW-100 售后排障手册 - 告警处理,工业网关,GW-100,,告警处理,GW-100 告警处理章节：处理相关问题时，应先确认设备状态、现场接线、平台配置和最近日志。若问题涉及安全风险、客户投诉、数据丢失或远程操作失败，应停止强行给出结论并生成工单交由人工复核。
MAN-001-CH07,产品手册,GW-100 售后排障手册 - 转人工边界,工业网关,GW-100,,转人工边界,GW-100 转人工边界章节：处理相关问题时，应先确认设备状态、现场接线、平台配置和最近日志。若问题涉及安全风险、客户投诉、数据丢失或远程操作失败，应停止强行给出结论并生成工单交由人工复核。
MAN-002-CH01,产品手册,GW-200 售后排障手册 - 设备上线,工业网关,GW-200,,设备上线,GW-200 设备上线章节：处理相关问题时，应先确认设备状态、现场接线、平台配置和最近日志。若问题涉及安全风险、客户投诉、数据丢失或远程操作失败，应停止强行给出结论并生成工单交由人工复核。
MAN-002-CH02,产品手册,GW-200 售后排障手册 - MQTT 配置,工业网关,GW-200,,MQTT 配置,GW-200 MQTT 配置章节：处理相关问题时，应先确认设备状态、现场接线、平台配置和最近日志。若问题涉及安全风险、客户投诉、数据丢失或远程操作失败，应停止强行给出结论并生成工单交由人工复核。
MAN-002-CH03,产品手册,GW-200 售后排障手册 - 心跳诊断,工业网关,GW-200,,心跳诊断,GW-200 心跳诊断章节：处理相关问题时，应先确认设备状态、现场接线、平台配置和最近日志。若问题涉及安全风险、客户投诉、数据丢失或远程操作失败，应停止强行给出结论并生成工单交由人工复核。
MAN-002-CH04,产品手册,GW-200 售后排障手册 - 日志导出,工业网关,GW-200,,日志导出,GW-200 日志导出章节：处理相关问题时，应先确认设备状态、现场接线、平台配置和最近日志。若问题涉及安全风险、客户投诉、数据丢失或远程操作失败，应停止强行给出结论并生成工单交由人工复核。
MAN-002-CH05,产品手册,GW-200 售后排障手册 - 固件升级,工业网关,GW-200,,固件升级,GW-200 固件升级章节：处理相关问题时，应先确认设备状态、现场接线、平台配置和最近日志。若问题涉及安全风险、客户投诉、数据丢失或远程操作失败，应停止强行给出结论并生成工单交由人工复核。
MAN-002-CH06,产品手册,GW-200 售后排障手册 - 告警处理,工业网关,GW-200,,告警处理,GW-200 告警处理章节：处理相关问题时，应先确认设备状态、现场接线、平台配置和最近日志。若问题涉及安全风险、客户投诉、数据丢失或远程操作失败，应停止强行给出结论并生成工单交由人工复核。
MAN-002-CH07,产品手册,GW-200 售后排障手册 - 转人工边界,工业网关,GW-200,,转人工边界,GW-200 转人工边界章节：处理相关问题时，应先确认设备状态、现场接线、平台配置和最近日志。若问题涉及安全风险、客户投诉、数据丢失或远程操作失败，应停止强行给出结论并生成工单交由人工复核。
MAN-003-CH01,产品手册,GW-500 售后排障手册 - 设备上线,工业网关,GW-500,,设备上线,GW-500 设备上线章节：处理相关问题时，应先确认设备状态、现场接线、平台配置和最近日志。若问题涉及安全风险、客户投诉、数据丢失或远程操作失败，应停止强行给出结论并生成工单交由人工复核。
MAN-003-CH02,产品手册,GW-500 售后排障手册 - MQTT 配置,工业网关,GW-500,,MQTT 配置,GW-500 MQTT 配置章节：处理相关问题时，应先确认设备状态、现场接线、平台配置和最近日志。若问题涉及安全风险、客户投诉、数据丢失或远程操作失败，应停止强行给出结论并生成工单交由人工复核。
MAN-003-CH03,产品手册,GW-500 售后排障手册 - 心跳诊断,工业网关,GW-500,,心跳诊断,GW-500 心跳诊断章节：处理相关问题时，应先确认设备状态、现场接线、平台配置和最近日志。若问题涉及安全风险、客户投诉、数据丢失或远程操作失败，应停止强行给出结论并生成工单交由人工复核。
MAN-003-CH04,产品手册,GW-500 售后排障手册 - 日志导出,工业网关,GW-500,,日志导出,GW-500 日志导出章节：处理相关问题时，应先确认设备状态、现场接线、平台配置和最近日志。若问题涉及安全风险、客户投诉、数据丢失或远程操作失败，应停止强行给出结论并生成工单交由人工复核。
MAN-003-CH05,产品手册,GW-500 售后排障手册 - 固件升级,工业网关,GW-500,,固件升级,GW-500 固件升级章节：处理相关问题时，应先确认设备状态、现场接线、平台配置和最近日志。若问题涉及安全风险、客户投诉、数据丢失或远程操作失败，应停止强行给出结论并生成工单交由人工复核。
MAN-003-CH06,产品手册,GW-500 售后排障手册 - 告警处理,工业网关,GW-500,,告警处理,GW-500 告警处理章节：处理相关问题时，应先确认设备状态、现场接线、平台配置和最近日志。若问题涉及安全风险、客户投诉、数据丢失或远程操作失败，应停止强行给出结论并生成工单交由人工复核。
MAN-003-CH07,产品手册,GW-500 售后排障手册 - 转人工边界,工业网关,GW-500,,转人工边界,GW-500 转人工边界章节：处理相关问题时，应先确认设备状态、现场接线、平台配置和最近日志。若问题涉及安全风险、客户投诉、数据丢失或远程操作失败，应停止强行给出结论并生成工单交由人工复核。
MAN-004-CH01,产品手册,TH-10 售后排障手册 - 安装位置,环境传感器,TH-10,,安装位置,TH-10 安装位置章节：处理相关问题时，应先确认设备状态、现场接线、平台配置和最近日志。若问题涉及安全风险、客户投诉、数据丢失或远程操作失败，应停止强行给出结论并生成工单交由人工复核。
MAN-004-CH02,产品手册,TH-10 售后排障手册 - 温湿度校准,环境传感器,TH-10,,温湿度校准,TH-10 温湿度校准章节：处理相关问题时，应先确认设备状态、现场接线、平台配置和最近日志。若问题涉及安全风险、客户投诉、数据丢失或远程操作失败，应停止强行给出结论并生成工单交由人工复核。
MAN-004-CH03,产品手册,TH-10 售后排障手册 - 采样周期,环境传感器,TH-10,,采样周期,TH-10 采样周期章节：处理相关问题时，应先确认设备状态、现场接线、平台配置和最近日志。若问题涉及安全风险、客户投诉、数据丢失或远程操作失败，应停止强行给出结论并生成工单交由人工复核。
MAN-004-CH04,产品手册,TH-10 售后排障手册 - 异常读数,环境传感器,TH-10,,异常读数,TH-10 异常读数章节：处理相关问题时，应先确认设备状态、现场接线、平台配置和最近日志。若问题涉及安全风险、客户投诉、数据丢失或远程操作失败，应停止强行给出结论并生成工单交由人工复核。
MAN-004-CH05,产品手册,TH-10 售后排障手册 - 探头接线,环境传感器,TH-10,,探头接线,TH-10 探头接线章节：处理相关问题时，应先确认设备状态、现场接线、平台配置和最近日志。若问题涉及安全风险、客户投诉、数据丢失或远程操作失败，应停止强行给出结论并生成工单交由人工复核。
MAN-004-CH06,产品手册,TH-10 售后排障手册 - 环境干扰,环境传感器,TH-10,,环境干扰,TH-10 环境干扰章节：处理相关问题时，应先确认设备状态、现场接线、平台配置和最近日志。若问题涉及安全风险、客户投诉、数据丢失或远程操作失败，应停止强行给出结论并生成工单交由人工复核。
MAN-004-CH07,产品手册,TH-10 售后排障手册 - 转人工边界,环境传感器,TH-10,,转人工边界,TH-10 转人工边界章节：处理相关问题时，应先确认设备状态、现场接线、平台配置和最近日志。若问题涉及安全风险、客户投诉、数据丢失或远程操作失败，应停止强行给出结论并生成工单交由人工复核。
MAN-005-CH01,产品手册,TH-30 售后排障手册 - 安装位置,环境传感器,TH-30,,安装位置,TH-30 安装位置章节：处理相关问题时，应先确认设备状态、现场接线、平台配置和最近日志。若问题涉及安全风险、客户投诉、数据丢失或远程操作失败，应停止强行给出结论并生成工单交由人工复核。
MAN-005-CH02,产品手册,TH-30 售后排障手册 - 温湿度校准,环境传感器,TH-30,,温湿度校准,TH-30 温湿度校准章节：处理相关问题时，应先确认设备状态、现场接线、平台配置和最近日志。若问题涉及安全风险、客户投诉、数据丢失或远程操作失败，应停止强行给出结论并生成工单交由人工复核。
MAN-005-CH03,产品手册,TH-30 售后排障手册 - 采样周期,环境传感器,TH-30,,采样周期,TH-30 采样周期章节：处理相关问题时，应先确认设备状态、现场接线、平台配置和最近日志。若问题涉及安全风险、客户投诉、数据丢失或远程操作失败，应停止强行给出结论并生成工单交由人工复核。
MAN-005-CH04,产品手册,TH-30 售后排障手册 - 异常读数,环境传感器,TH-30,,异常读数,TH-30 异常读数章节：处理相关问题时，应先确认设备状态、现场接线、平台配置和最近日志。若问题涉及安全风险、客户投诉、数据丢失或远程操作失败，应停止强行给出结论并生成工单交由人工复核。
MAN-005-CH05,产品手册,TH-30 售后排障手册 - 探头接线,环境传感器,TH-30,,探头接线,TH-30 探头接线章节：处理相关问题时，应先确认设备状态、现场接线、平台配置和最近日志。若问题涉及安全风险、客户投诉、数据丢失或远程操作失败，应停止强行给出结论并生成工单交由人工复核。
MAN-005-CH06,产品手册,TH-30 售后排障手册 - 环境干扰,环境传感器,TH-30,,环境干扰,TH-30 环境干扰章节：处理相关问题时，应先确认设备状态、现场接线、平台配置和最近日志。若问题涉及安全风险、客户投诉、数据丢失或远程操作失败，应停止强行给出结论并生成工单交由人工复核。
MAN-005-CH07,产品手册,TH-30 售后排障手册 - 转人工边界,环境传感器,TH-30,,转人工边界,TH-30 转人工边界章节：处理相关问题时，应先确认设备状态、现场接线、平台配置和最近日志。若问题涉及安全风险、客户投诉、数据丢失或远程操作失败，应停止强行给出结论并生成工单交由人工复核。
MAN-006-CH01,产品手册,AQ-20 售后排障手册 - 安装位置,环境传感器,AQ-20,,安装位置,AQ-20 安装位置章节：处理相关问题时，应先确认设备状态、现场接线、平台配置和最近日志。若问题涉及安全风险、客户投诉、数据丢失或远程操作失败，应停止强行给出结论并生成工单交由人工复核。
MAN-006-CH02,产品手册,AQ-20 售后排障手册 - 温湿度校准,环境传感器,AQ-20,,温湿度校准,AQ-20 温湿度校准章节：处理相关问题时，应先确认设备状态、现场接线、平台配置和最近日志。若问题涉及安全风险、客户投诉、数据丢失或远程操作失败，应停止强行给出结论并生成工单交由人工复核。
MAN-006-CH03,产品手册,AQ-20 售后排障手册 - 采样周期,环境传感器,AQ-20,,采样周期,AQ-20 采样周期章节：处理相关问题时，应先确认设备状态、现场接线、平台配置和最近日志。若问题涉及安全风险、客户投诉、数据丢失或远程操作失败，应停止强行给出结论并生成工单交由人工复核。
MAN-006-CH04,产品手册,AQ-20 售后排障手册 - 异常读数,环境传感器,AQ-20,,异常读数,AQ-20 异常读数章节：处理相关问题时，应先确认设备状态、现场接线、平台配置和最近日志。若问题涉及安全风险、客户投诉、数据丢失或远程操作失败，应停止强行给出结论并生成工单交由人工复核。
MAN-006-CH05,产品手册,AQ-20 售后排障手册 - 探头接线,环境传感器,AQ-20,,探头接线,AQ-20 探头接线章节：处理相关问题时，应先确认设备状态、现场接线、平台配置和最近日志。若问题涉及安全风险、客户投诉、数据丢失或远程操作失败，应停止强行给出结论并生成工单交由人工复核。
MAN-006-CH06,产品手册,AQ-20 售后排障手册 - 环境干扰,环境传感器,AQ-20,,环境干扰,AQ-20 环境干扰章节：处理相关问题时，应先确认设备状态、现场接线、平台配置和最近日志。若问题涉及安全风险、客户投诉、数据丢失或远程操作失败，应停止强行给出结论并生成工单交由人工复核。
MAN-006-CH07,产品手册,AQ-20 售后排障手册 - 转人工边界,环境传感器,AQ-20,,转人工边界,AQ-20 转人工边界章节：处理相关问题时，应先确认设备状态、现场接线、平台配置和最近日志。若问题涉及安全风险、客户投诉、数据丢失或远程操作失败，应停止强行给出结论并生成工单交由人工复核。
MAN-007-CH01,产品手册,VB-100 售后排障手册 - 安装底座,振动监测,VB-100,,安装底座,VB-100 安装底座章节：处理相关问题时，应先确认设备状态、现场接线、平台配置和最近日志。若问题涉及安全风险、客户投诉、数据丢失或远程操作失败，应停止强行给出结论并生成工单交由人工复核。
MAN-007-CH02,产品手册,VB-100 售后排障手册 - 采样频率,振动监测,VB-100,,采样频率,VB-100 采样频率章节：处理相关问题时，应先确认设备状态、现场接线、平台配置和最近日志。若问题涉及安全风险、客户投诉、数据丢失或远程操作失败，应停止强行给出结论并生成工单交由人工复核。
MAN-007-CH03,产品手册,VB-100 售后排障手册 - 阈值模板,振动监测,VB-100,,阈值模板,VB-100 阈值模板章节：处理相关问题时，应先确认设备状态、现场接线、平台配置和最近日志。若问题涉及安全风险、客户投诉、数据丢失或远程操作失败，应停止强行给出结论并生成工单交由人工复核。
MAN-007-CH04,产品手册,VB-100 售后排障手册 - 误报告警,振动监测,VB-100,,误报告警,VB-100 误报告警章节：处理相关问题时，应先确认设备状态、现场接线、平台配置和最近日志。若问题涉及安全风险、客户投诉、数据丢失或远程操作失败，应停止强行给出结论并生成工单交由人工复核。
MAN-007-CH05,产品手册,VB-100 售后排障手册 - 轴承工况,振动监测,VB-100,,轴承工况,VB-100 轴承工况章节：处理相关问题时，应先确认设备状态、现场接线、平台配置和最近日志。若问题涉及安全风险、客户投诉、数据丢失或远程操作失败，应停止强行给出结论并生成工单交由人工复核。
MAN-007-CH06,产品手册,VB-100 售后排障手册 - 振动趋势,振动监测,VB-100,,振动趋势,VB-100 振动趋势章节：处理相关问题时，应先确认设备状态、现场接线、平台配置和最近日志。若问题涉及安全风险、客户投诉、数据丢失或远程操作失败，应停止强行给出结论并生成工单交由人工复核。
MAN-007-CH07,产品手册,VB-100 售后排障手册 - 转人工边界,振动监测,VB-100,,转人工边界,VB-100 转人工边界章节：处理相关问题时，应先确认设备状态、现场接线、平台配置和最近日志。若问题涉及安全风险、客户投诉、数据丢失或远程操作失败，应停止强行给出结论并生成工单交由人工复核。
MAN-008-CH01,产品手册,VB-300 售后排障手册 - 安装底座,振动监测,VB-300,,安装底座,VB-300 安装底座章节：处理相关问题时，应先确认设备状态、现场接线、平台配置和最近日志。若问题涉及安全风险、客户投诉、数据丢失或远程操作失败，应停止强行给出结论并生成工单交由人工复核。
MAN-008-CH02,产品手册,VB-300 售后排障手册 - 采样频率,振动监测,VB-300,,采样频率,VB-300 采样频率章节：处理相关问题时，应先确认设备状态、现场接线、平台配置和最近日志。若问题涉及安全风险、客户投诉、数据丢失或远程操作失败，应停止强行给出结论并生成工单交由人工复核。
MAN-008-CH03,产品手册,VB-300 售后排障手册 - 阈值模板,振动监测,VB-300,,阈值模板,VB-300 阈值模板章节：处理相关问题时，应先确认设备状态、现场接线、平台配置和最近日志。若问题涉及安全风险、客户投诉、数据丢失或远程操作失败，应停止强行给出结论并生成工单交由人工复核。
MAN-008-CH04,产品手册,VB-300 售后排障手册 - 误报告警,振动监测,VB-300,,误报告警,VB-300 误报告警章节：处理相关问题时，应先确认设备状态、现场接线、平台配置和最近日志。若问题涉及安全风险、客户投诉、数据丢失或远程操作失败，应停止强行给出结论并生成工单交由人工复核。
MAN-008-CH05,产品手册,VB-300 售后排障手册 - 轴承工况,振动监测,VB-300,,轴承工况,VB-300 轴承工况章节：处理相关问题时，应先确认设备状态、现场接线、平台配置和最近日志。若问题涉及安全风险、客户投诉、数据丢失或远程操作失败，应停止强行给出结论并生成工单交由人工复核。
MAN-008-CH06,产品手册,VB-300 售后排障手册 - 振动趋势,振动监测,VB-300,,振动趋势,VB-300 振动趋势章节：处理相关问题时，应先确认设备状态、现场接线、平台配置和最近日志。若问题涉及安全风险、客户投诉、数据丢失或远程操作失败，应停止强行给出结论并生成工单交由人工复核。
MAN-008-CH07,产品手册,VB-300 售后排障手册 - 转人工边界,振动监测,VB-300,,转人工边界,VB-300 转人工边界章节：处理相关问题时，应先确认设备状态、现场接线、平台配置和最近日志。若问题涉及安全风险、客户投诉、数据丢失或远程操作失败，应停止强行给出结论并生成工单交由人工复核。
MAN-009-CH01,产品手册,PM-80 售后排障手册 - 相序检查,电力采集,PM-80,,相序检查,PM-80 相序检查章节：处理相关问题时，应先确认设备状态、现场接线、平台配置和最近日志。若问题涉及安全风险、客户投诉、数据丢失或远程操作失败，应停止强行给出结论并生成工单交由人工复核。
MAN-009-CH02,产品手册,PM-80 售后排障手册 - 倍率设置,电力采集,PM-80,,倍率设置,PM-80 倍率设置章节：处理相关问题时，应先确认设备状态、现场接线、平台配置和最近日志。若问题涉及安全风险、客户投诉、数据丢失或远程操作失败，应停止强行给出结论并生成工单交由人工复核。
MAN-009-CH03,产品手册,PM-80 售后排障手册 - 电压电流采样,电力采集,PM-80,,电压电流采样,PM-80 电压电流采样章节：处理相关问题时，应先确认设备状态、现场接线、平台配置和最近日志。若问题涉及安全风险、客户投诉、数据丢失或远程操作失败，应停止强行给出结论并生成工单交由人工复核。
MAN-009-CH04,产品手册,PM-80 售后排障手册 - 互感器方向,电力采集,PM-80,,互感器方向,PM-80 互感器方向章节：处理相关问题时，应先确认设备状态、现场接线、平台配置和最近日志。若问题涉及安全风险、客户投诉、数据丢失或远程操作失败，应停止强行给出结论并生成工单交由人工复核。
MAN-009-CH05,产品手册,PM-80 售后排障手册 - 告警规则,电力采集,PM-80,,告警规则,PM-80 告警规则章节：处理相关问题时，应先确认设备状态、现场接线、平台配置和最近日志。若问题涉及安全风险、客户投诉、数据丢失或远程操作失败，应停止强行给出结论并生成工单交由人工复核。
MAN-009-CH06,产品手册,PM-80 售后排障手册 - 安全隔离,电力采集,PM-80,,安全隔离,PM-80 安全隔离章节：处理相关问题时，应先确认设备状态、现场接线、平台配置和最近日志。若问题涉及安全风险、客户投诉、数据丢失或远程操作失败，应停止强行给出结论并生成工单交由人工复核。
MAN-009-CH07,产品手册,PM-80 售后排障手册 - 转人工边界,电力采集,PM-80,,转人工边界,PM-80 转人工边界章节：处理相关问题时，应先确认设备状态、现场接线、平台配置和最近日志。若问题涉及安全风险、客户投诉、数据丢失或远程操作失败，应停止强行给出结论并生成工单交由人工复核。
MAN-010-CH01,产品手册,PM-200 售后排障手册 - 相序检查,电力采集,PM-200,,相序检查,PM-200 相序检查章节：处理相关问题时，应先确认设备状态、现场接线、平台配置和最近日志。若问题涉及安全风险、客户投诉、数据丢失或远程操作失败，应停止强行给出结论并生成工单交由人工复核。
MAN-010-CH02,产品手册,PM-200 售后排障手册 - 倍率设置,电力采集,PM-200,,倍率设置,PM-200 倍率设置章节：处理相关问题时，应先确认设备状态、现场接线、平台配置和最近日志。若问题涉及安全风险、客户投诉、数据丢失或远程操作失败，应停止强行给出结论并生成工单交由人工复核。
MAN-010-CH03,产品手册,PM-200 售后排障手册 - 电压电流采样,电力采集,PM-200,,电压电流采样,PM-200 电压电流采样章节：处理相关问题时，应先确认设备状态、现场接线、平台配置和最近日志。若问题涉及安全风险、客户投诉、数据丢失或远程操作失败，应停止强行给出结论并生成工单交由人工复核。
MAN-010-CH04,产品手册,PM-200 售后排障手册 - 互感器方向,电力采集,PM-200,,互感器方向,PM-200 互感器方向章节：处理相关问题时，应先确认设备状态、现场接线、平台配置和最近日志。若问题涉及安全风险、客户投诉、数据丢失或远程操作失败，应停止强行给出结论并生成工单交由人工复核。
MAN-010-CH05,产品手册,PM-200 售后排障手册 - 告警规则,电力采集,PM-200,,告警规则,PM-200 告警规则章节：处理相关问题时，应先确认设备状态、现场接线、平台配置和最近日志。若问题涉及安全风险、客户投诉、数据丢失或远程操作失败，应停止强行给出结论并生成工单交由人工复核。
MAN-010-CH06,产品手册,PM-200 售后排障手册 - 安全隔离,电力采集,PM-200,,安全隔离,PM-200 安全隔离章节：处理相关问题时，应先确认设备状态、现场接线、平台配置和最近日志。若问题涉及安全风险、客户投诉、数据丢失或远程操作失败，应停止强行给出结论并生成工单交由人工复核。
MAN-010-CH07,产品手册,PM-200 售后排障手册 - 转人工边界,电力采集,PM-200,,转人工边界,PM-200 转人工边界章节：处理相关问题时，应先确认设备状态、现场接线、平台配置和最近日志。若问题涉及安全风险、客户投诉、数据丢失或远程操作失败，应停止强行给出结论并生成工单交由人工复核。
